date,precip_mm,temp_max_c,temp_min_c,rh_pct,wind_speed_ms,latitude,longitude,crop_type,clay_pct,sand_pct,bulk_density,growth_stage,precip_3d_sum,temp_max_3d_mean,rh_3d_mean,risk_waterlogging,risk_heat_stress,risk_water_stress,risk_disease
20240101,0.0,27.86,17.68,82.81,1.05,10.6583,77.0094,Rose,24.0,56.0,1.36,Active_Harvesting,0.0,27.86,82.81,0,0,0,1
20240102,1.48,26.35,19.12,85.8,1.23,10.6583,77.0094,Rose,24.0,56.0,1.36,Active_Harvesting,1.48,27.105,84.305,0,0,0,1
20240103,2.22,26.99,18.75,86.19,0.99,10.6583,77.0094,Rose,24.0,56.0,1.36,Pruning_Vegetative,3.7,27.066666666666666,84.93333333333334,0,0,0,1
20240104,8.63,26.68,19.69,89.72,0.88,10.6583,77.0094,Rose,24.0,56.0,1.36,Pruning_Vegetative,12.330000000000002,26.673333333333332,87.23666666666666,0,0,0,1
20240105,9.44,27.06,20.6,88.88,1.0,10.6583,77.0094,Rose,24.0,56.0,1.36,Bud_Initiation,20.29,26.909999999999997,88.26333333333332,0,0,0,2
20240106,3.03,25.64,19.88,88.91,1.26,10.6583,77.0094,Rose,24.0,56.0,1.36,Pruning_Vegetative,21.1,26.459999999999997,89.17,0,0,0,2
20240107,0.7,26.28,19.56,87.19,1.39,10.6583,77.0094,Rose,24.0,56.0,1.36,Active_Harvesting,13.169999999999998,26.326666666666664,88.32666666666667,0,0,0,1
20240108,1.96,27.03,20.03,88.77,1.74,10.6583,77.0094,Rose,24.0,56.0,1.36,Active_Harvesting,5.689999999999998,26.316666666666666,88.29,0,0,0,1
20240109,13.66,26.14,20.44,90.55,2.0,10.6583,77.0094,Rose,24.0,56.0,1.36,Pruning_Vegetative,16.319999999999997,26.483333333333334,88.83666666666666,0,0,0,2
20240110,0.93,24.55,19.35,87.54,1.66,10.6583,77.0094,Rose,24.0,56.0,1.36,Bud_Initiation,16.55,25.906666666666666,88.95333333333333,0,0,0,2
20240111,0.01,26.82,18.87,82.98,1.94,10.6583,77.0094,Rose,24.0,56.0,1.36,Pruning_Vegetative,14.599999999999998,25.83666666666667,87.02333333333333,0,0,0,1
20240112,0.0,26.95,18.13,82.95,2.02,10.6583,77.0094,Rose,24.0,56.0,1.36,Bud_Initiation,0.9399999999999983,26.106666666666666,84.49,0,0,0,1
20240113,0.0,27.31,17.28,83.41,1.61,10.6583,77.0094,Rose,24.0,56.0,1.36,Bud_Initiation,0.009999999999998224,27.026666666666667,83.11333333333333,0,0,0,1
20240114,0.0,27.87,18.68,82.53,1.29,10.6583,77.0094,Rose,24.0,56.0,1.36,Pruning_Vegetative,0.0,27.376666666666665,82.96333333333334,0,0,0,1
20240115,0.0,27.51,17.04,80.31,1.1,10.6583,77.0094,Rose,24.0,56.0,1.36,Active_Harvesting,0.0,27.563333333333333,82.08333333333333,0,0,0,1
20240116,0.0,27.36,15.6,79.77,0.93,10.6583,77.0094,Rose,24.0,56.0,1.36,Active_Harvesting,0.0,27.58,80.87,0,0,0,1
20240117,0.0,27.87,16.78,76.39,0.88,10.6583,77.0094,Rose,24.0,56.0,1.36,Bud_Initiation,0.0,27.580000000000002,78.82333333333334,0,0,0,0
20240118,0.0,28.31,16.3,71.22,0.84,10.6583,77.0094,Rose,24.0,56.0,1.36,Active_Harvesting,0.0,27.846666666666664,75.79333333333334,0,0,0,0
20240119,0.86,29.26,17.33,80.83,0.9,10.6583,77.0094,Rose,24.0,56.0,1.36,Active_Harvesting,0.8599999999999982,28.48,76.14666666666666,0,0,0,0
20240120,1.13,29.06,19.84,83.75,1.23,10.6583,77.0094,Rose,24.0,56.0,1.36,Active_Harvesting,1.989999999999998,28.876666666666665,78.60000000000001,0,0,0,0
20240121,0.1,29.42,19.29,78.74,1.27,10.6583,77.0094,Rose,24.0,56.0,1.36,Pruning_Vegetative,2.089999999999998,29.246666666666666,81.10666666666667,0,0,0,0
20240122,0.0,29.84,18.37,78.05,1.17,10.6583,77.0094,Rose,24.0,56.0,1.36,Bud_Initiation,1.2299999999999982,29.439999999999998,80.18,0,0,0,0
20240123,0.01,29.18,17.97,77.85,1.05,10.6583,77.0094,Rose,24.0,56.0,1.36,Pruning_Vegetative,0.10999999999999822,29.48,78.21333333333332,0,0,0,0
20240124,0.73,29.65,18.7,79.46,0.52,10.6583,77.0094,Rose,24.0,56.0,1.36,Bud_Initiation,0.7399999999999982,29.55666666666666,78.45333333333333,0,0,0,0
20240125,0.0,29.15,18.82,76.19,0.98,10.6583,77.0094,Rose,24.0,56.0,1.36,Pruning_Vegetative,0.7399999999999982,29.326666666666664,77.83333333333333,0,0,0,0
20240126,0.0,28.93,17.32,74.89,1.44,10.6583,77.0094,Rose,24.0,56.0,1.36,Active_Harvesting,0.7299999999999982,29.24333333333333,76.84666666666665,0,0,0,0
20240127,0.0,28.57,17.85,74.82,1.6,10.6583,77.0094,Rose,24.0,56.0,1.36,Bud_Initiation,0.0,28.883333333333336,75.3,0,0,0,0
20240128,0.0,29.12,18.77,75.68,1.53,10.6583,77.0094,Rose,24.0,56.0,1.36,Bud_Initiation,0.0,28.873333333333335,75.13,0,0,0,0
20240129,0.0,29.46,17.35,73.39,1.28,10.6583,77.0094,Rose,24.0,56.0,1.36,Bud_Initiation,0.0,29.05,74.63000000000001,0,0,0,0
20240130,0.0,30.06,16.14,71.16,0.96,10.6583,77.0094,Rose,24.0,56.0,1.36,Bud_Initiation,0.0,29.546666666666667,73.41,0,0,0,0
20240131,0.01,30.7,17.27,76.63,0.84,10.6583,77.0094,Rose,24.0,56.0,1.36,Active_Harvesting,0.009999999999998224,30.073333333333334,73.72666666666667,0,1,1,0
20240201,0.01,31.09,19.59,75.57,0.7,10.6583,77.0094,Rose,24.0,56.0,1.36,Active_Harvesting,0.019999999999998224,30.616666666666664,74.45333333333333,0,1,1,0
20240202,0.01,31.51,19.88,74.13,0.5,10.6583,77.0094,Rose,24.0,56.0,1.36,Pruning_Vegetative,0.03,31.099999999999998,75.44333333333333,0,1,1,0
20240203,0.03,31.71,20.23,75.08,1.02,10.6583,77.0094,Rose,24.0,56.0,1.36,Pruning_Vegetative,0.04999999999999822,31.436666666666667,74.92666666666666,0,1,1,0
20240204,0.0,30.72,18.55,70.92,1.43,10.6583,77.0094,Rose,24.0,56.0,1.36,Active_Harvesting,0.03999999999999822,31.313333333333333,73.37666666666667,0,1,1,0
20240205,0.0,30.39,16.6,69.42,1.52,10.6583,77.0094,Rose,24.0,56.0,1.36,Pruning_Vegetative,0.029999999999998223,30.939999999999998,71.80666666666667,0,1,1,0
20240206,0.0,30.63,15.85,70.27,1.56,10.6583,77.0094,Rose,24.0,56.0,1.36,Active_Harvesting,0.0,30.580000000000002,70.20333333333333,0,1,1,0
20240207,0.0,31.32,15.97,68.43,1.42,10.6583,77.0094,Rose,24.0,56.0,1.36,Active_Harvesting,0.0,30.78,69.37333333333333,0,1,1,0
20240208,0.0,31.93,15.39,66.19,1.3,10.6583,77.0094,Rose,24.0,56.0,1.36,Bud_Initiation,0.0,31.293333333333333,68.29666666666667,0,1,1,0
20240209,0.0,31.45,15.65,67.48,1.57,10.6583,77.0094,Rose,24.0,56.0,1.36,Bud_Initiation,0.0,31.566666666666666,67.36666666666667,0,1,1,0
20240210,0.0,30.94,16.78,70.8,1.74,10.6583,77.0094,Rose,24.0,56.0,1.36,Pruning_Vegetative,0.0,31.439999999999998,68.15666666666667,0,1,1,0
20240211,0.01,31.51,18.33,69.47,1.77,10.6583,77.0094,Rose,24.0,56.0,1.36,Pruning_Vegetative,0.009999999999998224,31.3,69.25,0,1,1,0
20240212,0.0,31.46,16.38,67.82,1.76,10.6583,77.0094,Rose,24.0,56.0,1.36,Active_Harvesting,0.009999999999998224,31.30333333333333,69.36333333333333,0,1,1,0
20240213,0.0,31.36,17.05,69.72,1.7,10.6583,77.0094,Rose,24.0,56.0,1.36,Bud_Initiation,0.009999999999998224,31.44333333333333,69.00333333333333,0,1,1,0
20240214,0.0,32.32,19.65,69.92,1.7,10.6583,77.0094,Rose,24.0,56.0,1.36,Bud_Initiation,0.0,31.713333333333335,69.15333333333332,0,1,1,0
20240215,0.0,31.82,17.8,66.84,1.78,10.6583,77.0094,Rose,24.0,56.0,1.36,Active_Harvesting,0.0,31.833333333333332,68.82666666666667,0,1,1,0
20240216,0.0,32.38,18.53,67.58,1.87,10.6583,77.0094,Rose,24.0,56.0,1.36,Bud_Initiation,0.0,32.17333333333334,68.11333333333333,0,2,1,0
20240217,0.0,33.42,18.56,65.93,1.47,10.6583,77.0094,Rose,24.0,56.0,1.36,Bud_Initiation,0.0,32.54,66.78333333333335,0,2,1,0
20240218,0.0,33.2,17.64,61.06,1.24,10.6583,77.0094,Rose,24.0,56.0,1.36,Active_Harvesting,0.0,33.00000000000001,64.85666666666667,0,1,2,0
20240219,0.0,33.69,18.21,65.0,1.21,10.6583,77.0094,Rose,24.0,56.0,1.36,Active_Harvesting,0.0,33.43666666666667,63.99666666666667,0,1,2,0
20240220,0.12,34.03,19.51,65.14,0.98,10.6583,77.0094,Rose,24.0,56.0,1.36,Bud_Initiation,0.11999999999999822,33.64,63.73333333333333,0,2,2,0
20240221,0.32,33.76,22.12,69.38,0.85,10.6583,77.0094,Rose,24.0,56.0,1.36,Active_Harvesting,0.4399999999999982,33.82666666666666,66.50666666666666,0,1,2,0
20240222,0.0,34.11,21.69,63.87,1.26,10.6583,77.0094,Rose,24.0,56.0,1.36,Pruning_Vegetative,0.4399999999999982,33.96666666666667,66.13,0,1,2,0
20240223,0.0,35.43,20.37,63.33,1.1,10.6583,77.0094,Rose,24.0,56.0,1.36,Active_Harvesting,0.31999999999999823,34.43333333333333,65.52666666666667,0,1,2,0
20240224,0.0,34.62,20.93,63.67,0.77,10.6583,77.0094,Rose,24.0,56.0,1.36,Bud_Initiation,0.0,34.72,63.623333333333335,0,2,2,0
20240225,0.0,34.85,21.62,60.29,1.2,10.6583,77.0094,Rose,24.0,56.0,1.36,Pruning_Vegetative,0.0,34.96666666666667,62.43,0,1,2,0
20240226,0.0,34.23,19.8,57.99,2.18,10.6583,77.0094,Rose,24.0,56.0,1.36,Pruning_Vegetative,0.0,34.56666666666666,60.650000000000006,0,1,2,0
20240227,0.0,34.27,21.84,60.21,2.26,10.6583,77.0094,Rose,24.0,56.0,1.36,Pruning_Vegetative,0.0,34.449999999999996,59.49666666666667,0,1,2,0
20240228,0.0,34.77,19.89,55.73,1.7,10.6583,77.0094,Rose,24.0,56.0,1.36,Bud_Initiation,0.0,34.42333333333334,57.97666666666667,0,2,2,0
20240229,0.0,34.99,19.93,52.83,1.65,10.6583,77.0094,Rose,24.0,56.0,1.36,Bud_Initiation,0.0,34.67666666666667,56.25666666666666,0,2,2,0
20240301,0.0,32.31,19.21,55.79,1.69,10.6583,77.0094,Rose,24.0,56.0,1.36,Bud_Initiation,0.0,34.02333333333333,54.78333333333333,0,2,2,0
20240302,0.0,34.57,17.54,47.23,1.17,10.6583,77.0094,Rose,24.0,56.0,1.36,Bud_Initiation,0.0,33.95666666666667,51.949999999999996,0,2,2,0
20240303,0.0,35.77,20.93,50.28,0.72,10.6583,77.0094,Rose,24.0,56.0,1.36,Active_Harvesting,0.0,34.21666666666667,51.099999999999994,0,1,2,0
20240304,0.0,36.78,21.29,52.71,0.63,10.6583,77.0094,Rose,24.0,56.0,1.36,Active_Harvesting,0.0,35.70666666666667,50.07333333333333,0,2,2,0
20240305,0.0,36.94,20.67,51.2,0.91,10.6583,77.0094,Rose,24.0,56.0,1.36,Bud_Initiation,0.0,36.49666666666667,51.39666666666667,0,2,2,0
20240306,0.0,36.39,21.79,55.93,0.81,10.6583,77.0094,Rose,24.0,56.0,1.36,Active_Harvesting,0.0,36.70333333333333,53.28,0,2,2,0
20240307,0.0,37.44,22.42,49.93,0.58,10.6583,77.0094,Rose,24.0,56.0,1.36,Pruning_Vegetative,0.0,36.92333333333333,52.35333333333333,0,2,2,0
20240308,0.0,36.35,21.73,56.11,0.67,10.6583,77.0094,Rose,24.0,56.0,1.36,Bud_Initiation,0.0,36.72666666666667,53.99,0,2,2,0
20240309,0.0,37.35,22.01,54.77,0.6,10.6583,77.0094,Rose,24.0,56.0,1.36,Pruning_Vegetative,0.0,37.04666666666667,53.60333333333333,0,2,2,0
20240310,0.0,37.25,22.73,54.57,0.59,10.6583,77.0094,Rose,24.0,56.0,1.36,Pruning_Vegetative,0.0,36.983333333333334,55.15,0,2,2,0
20240311,0.0,36.72,22.15,49.45,0.88,10.6583,77.0094,Rose,24.0,56.0,1.36,Active_Harvesting,0.0,37.10666666666666,52.93000000000001,0,2,2,0
20240312,0.04,36.9,22.46,48.62,1.01,10.6583,77.0094,Rose,24.0,56.0,1.36,Active_Harvesting,0.039999999999998224,36.95666666666667,50.879999999999995,0,2,2,0
20240313,0.27,36.54,22.36,57.07,0.65,10.6583,77.0094,Rose,24.0,56.0,1.36,Bud_Initiation,0.3099999999999982,36.72,51.71333333333333,0,2,2,0
20240314,0.73,36.04,22.89,65.06,1.22,10.6583,77.0094,Rose,24.0,56.0,1.36,Active_Harvesting,1.0399999999999983,36.49333333333333,56.916666666666664,0,2,2,0
20240315,0.07,37.47,22.63,58.24,0.82,10.6583,77.0094,Rose,24.0,56.0,1.36,Active_Harvesting,1.0699999999999983,36.68333333333333,60.123333333333335,0,2,2,0
20240316,0.12,37.8,22.71,52.13,0.6,10.6583,77.0094,Rose,24.0,56.0,1.36,Pruning_Vegetative,0.9199999999999982,37.10333333333333,58.47666666666667,0,2,2,0
20240317,0.0,37.32,20.78,46.01,1.03,10.6583,77.0094,Rose,24.0,56.0,1.36,Pruning_Vegetative,0.18999999999999823,37.53,52.126666666666665,0,2,2,0
20240318,0.0,37.19,21.79,47.72,0.69,10.6583,77.0094,Rose,24.0,56.0,1.36,Pruning_Vegetative,0.11999999999999822,37.43666666666667,48.62,0,2,2,0
20240319,0.0,37.53,21.81,48.05,0.84,10.6583,77.0094,Rose,24.0,56.0,1.36,Bud_Initiation,0.0,37.346666666666664,47.26,0,2,2,0
20240320,0.11,37.82,22.24,46.65,0.78,10.6583,77.0094,Rose,24.0,56.0,1.36,Bud_Initiation,0.10999999999999822,37.51333333333333,47.473333333333336,0,2,2,0
20240321,0.2,36.94,20.34,52.61,1.1,10.6583,77.0094,Rose,24.0,56.0,1.36,Active_Harvesting,0.3099999999999982,37.43,49.10333333333333,0,2,2,0
20240322,0.02,36.94,22.68,52.57,1.0,10.6583,77.0094,Rose,24.0,56.0,1.36,Bud_Initiation,0.32999999999999824,37.23333333333333,50.60999999999999,0,2,2,0
20240323,0.86,37.26,22.96,54.27,1.03,10.6583,77.0094,Rose,24.0,56.0,1.36,Bud_Initiation,1.0799999999999983,37.04666666666667,53.15,0,2,2,0
20240324,0.98,37.29,22.46,48.87,1.37,10.6583,77.0094,Rose,24.0,56.0,1.36,Bud_Initiation,1.859999999999998,37.16333333333333,51.903333333333336,0,2,2,0
20240325,0.01,37.27,20.3,43.82,1.5,10.6583,77.0094,Rose,24.0,56.0,1.36,Active_Harvesting,1.849999999999998,37.27333333333333,48.98666666666667,0,2,2,0
20240326,0.35,37.58,21.43,38.63,1.21,10.6583,77.0094,Rose,24.0,56.0,1.36,Pruning_Vegetative,1.339999999999998,37.38,43.77333333333333,0,2,2,0
20240327,0.0,37.88,22.72,42.24,0.92,10.6583,77.0094,Rose,24.0,56.0,1.36,Active_Harvesting,0.3599999999999982,37.57666666666666,41.56333333333333,0,2,2,0
20240328,0.71,38.74,22.26,48.78,0.88,10.6583,77.0094,Rose,24.0,56.0,1.36,Pruning_Vegetative,1.0599999999999983,38.06666666666667,43.21666666666667,0,2,2,0
20240329,1.31,37.79,24.14,55.78,0.91,10.6583,77.0094,Rose,24.0,56.0,1.36,Bud_Initiation,2.0199999999999982,38.13666666666666,48.93333333333334,0,2,1,0
20240330,0.0,38.38,23.25,54.35,0.98,10.6583,77.0094,Rose,24.0,56.0,1.36,Active_Harvesting,2.0199999999999982,38.303333333333335,52.97,0,2,1,0
20240331,0.0,37.94,24.32,54.13,0.54,10.6583,77.0094,Rose,24.0,56.0,1.36,Pruning_Vegetative,1.3099999999999983,38.03666666666667,54.75333333333333,0,2,2,0
20240401,0.0,38.17,23.53,56.73,0.98,10.6583,77.0094,Rose,24.0,56.0,1.36,Active_Harvesting,0.0,38.163333333333334,55.07,0,2,2,0
20240402,0.42,38.16,24.18,59.53,1.09,10.6583,77.0094,Rose,24.0,56.0,1.36,Pruning_Vegetative,0.4199999999999982,38.089999999999996,56.796666666666674,0,2,2,0
20240403,0.64,38.47,24.29,59.39,1.02,10.6583,77.0094,Rose,24.0,56.0,1.36,Pruning_Vegetative,1.0599999999999983,38.266666666666666,58.550000000000004,0,2,2,0
20240404,0.77,38.61,24.73,57.41,0.94,10.6583,77.0094,Rose,24.0,56.0,1.36,Bud_Initiation,1.8299999999999983,38.413333333333334,58.77666666666667,0,2,2,0
20240405,1.22,39.26,24.38,59.14,0.91,10.6583,77.0094,Rose,24.0,56.0,1.36,Pruning_Vegetative,2.629999999999998,38.78,58.64666666666667,0,2,1,0
20240406,0.0,37.47,24.9,56.14,0.81,10.6583,77.0094,Rose,24.0,56.0,1.36,Pruning_Vegetative,1.989999999999998,38.446666666666665,57.56333333333333,0,2,2,0
20240407,0.0,39.07,24.72,57.08,1.0,10.6583,77.0094,Rose,24.0,56.0,1.36,Pruning_Vegetative,1.219999999999998,38.6,57.453333333333326,0,2,2,0
20240408,0.37,39.88,25.18,54.39,0.72,10.6583,77.0094,Rose,24.0,56.0,1.36,Active_Harvesting,0.369999999999998,38.806666666666665,55.870000000000005,0,2,2,0
20240409,0.46,38.94,24.11,50.42,1.14,10.6583,77.0094,Rose,24.0,56.0,1.36,Pruning_Vegetative,0.8299999999999981,39.29666666666666,53.96333333333333,0,2,2,0
20240410,1.39,38.42,23.33,49.57,1.2,10.6583,77.0094,Rose,24.0,56.0,1.36,Active_Harvesting,2.219999999999998,39.080000000000005,51.46,0,2,1,0
20240411,5.07,38.49,23.73,56.03,0.95,10.6583,77.0094,Rose,24.0,56.0,1.36,Active_Harvesting,6.919999999999998,38.61666666666667,52.00666666666666,0,2,0,0
20240412,11.7,35.46,23.74,69.01,1.05,10.6583,77.0094,Rose,24.0,56.0,1.36,Active_Harvesting,18.159999999999997,37.45666666666667,58.20333333333334,0,2,0,0
20240413,2.61,35.25,22.43,68.15,0.95,10.6583,77.0094,Rose,24.0,56.0,1.36,Pruning_Vegetative,19.379999999999995,36.400000000000006,64.39666666666666,0,2,0,0
20240414,1.16,36.3,22.66,62.56,1.16,10.6583,77.0094,Rose,24.0,56.0,1.36,Pruning_Vegetative,15.469999999999995,35.669999999999995,66.57333333333334,0,2,0,0
20240415,0.0,37.33,21.72,57.67,1.29,10.6583,77.0094,Rose,24.0,56.0,1.36,Pruning_Vegetative,3.769999999999996,36.29333333333333,62.793333333333344,0,2,1,0
20240416,0.0,38.07,22.86,57.47,1.03,10.6583,77.0094,Rose,24.0,56.0,1.36,Active_Harvesting,1.1599999999999964,37.23333333333333,59.23333333333333,0,2,2,0
20240417,0.0,36.42,25.28,68.16,1.37,10.6583,77.0094,Rose,24.0,56.0,1.36,Active_Harvesting,0.0,37.27333333333333,61.1,0,2,2,0
20240418,0.0,34.08,25.27,72.32,1.66,10.6583,77.0094,Rose,24.0,56.0,1.36,Active_Harvesting,0.0,36.190000000000005,65.98333333333333,0,2,2,0
20240419,0.0,33.25,24.85,71.85,1.6,10.6583,77.0094,Rose,24.0,56.0,1.36,Pruning_Vegetative,0.0,34.583333333333336,70.77666666666666,0,1,2,0
20240420,0.02,36.63,24.74,63.77,1.26,10.6583,77.0094,Rose,24.0,56.0,1.36,Active_Harvesting,0.019999999999996448,34.653333333333336,69.31333333333333,0,1,2,0
20240421,1.04,38.23,24.18,60.9,0.77,10.6583,77.0094,Rose,24.0,56.0,1.36,Bud_Initiation,1.0599999999999965,36.03666666666667,65.50666666666666,0,2,2,0
20240422,1.58,35.46,25.09,67.9,1.22,10.6583,77.0094,Rose,24.0,56.0,1.36,Bud_Initiation,2.6399999999999966,36.77333333333333,64.19,0,2,1,0
20240423,0.38,36.59,24.83,62.11,0.83,10.6583,77.0094,Rose,24.0,56.0,1.36,Pruning_Vegetative,2.9999999999999964,36.76,63.63666666666666,0,2,1,0
20240424,0.31,36.61,25.0,59.56,0.73,10.6583,77.0094,Rose,24.0,56.0,1.36,Active_Harvesting,2.2699999999999965,36.22,63.19,0,2,1,0
20240425,0.24,38.38,23.67,57.34,0.99,10.6583,77.0094,Rose,24.0,56.0,1.36,Active_Harvesting,0.9299999999999964,37.193333333333335,59.669999999999995,0,2,2,0
20240426,0.0,39.2,24.81,56.32,0.94,10.6583,77.0094,Rose,24.0,56.0,1.36,Active_Harvesting,0.5499999999999965,38.06333333333334,57.74,0,2,2,0
20240427,0.0,39.63,25.44,54.54,0.9,10.6583,77.0094,Rose,24.0,56.0,1.36,Bud_Initiation,0.23999999999999644,39.07,56.06666666666666,0,2,2,0
20240428,0.01,40.14,24.64,52.06,0.79,10.6583,77.0094,Rose,24.0,56.0,1.36,Active_Harvesting,0.009999999999996447,39.656666666666666,54.30666666666667,0,2,2,0
20240429,0.02,40.32,24.96,51.37,0.82,10.6583,77.0094,Rose,24.0,56.0,1.36,Pruning_Vegetative,0.029999999999996446,40.03,52.656666666666666,0,2,2,0
20240430,0.72,39.36,25.08,60.94,1.62,10.6583,77.0094,Rose,24.0,56.0,1.36,Active_Harvesting,0.7499999999999964,39.940000000000005,54.79,0,2,2,0
20240501,0.55,38.84,24.91,66.11,1.93,10.6583,77.0094,Rose,24.0,56.0,1.36,Pruning_Vegetative,1.2899999999999965,39.50666666666667,59.47333333333333,0,2,2,0
20240502,0.0,38.99,25.7,62.04,1.76,10.6583,77.0094,Rose,24.0,56.0,1.36,Active_Harvesting,1.2699999999999965,39.06333333333333,63.029999999999994,0,2,2,0
20240503,0.04,35.41,26.36,68.55,2.17,10.6583,77.0094,Rose,24.0,56.0,1.36,Pruning_Vegetative,0.5899999999999965,37.74666666666667,65.56666666666666,0,2,2,0
20240504,0.79,37.32,24.96,59.63,1.91,10.6583,77.0094,Rose,24.0,56.0,1.36,Bud_Initiation,0.8299999999999965,37.24,63.406666666666666,0,2,2,0
20240505,2.09,37.05,23.46,63.19,2.01,10.6583,77.0094,Rose,24.0,56.0,1.36,Pruning_Vegetative,2.9199999999999964,36.59333333333333,63.79,0,2,1,0
20240506,0.23,37.95,23.87,60.17,2.16,10.6583,77.0094,Rose,24.0,56.0,1.36,Active_Harvesting,3.1099999999999963,37.440000000000005,60.99666666666667,0,2,1,0
20240507,0.85,38.44,24.55,59.96,1.69,10.6583,77.0094,Rose,24.0,56.0,1.36,Pruning_Vegetative,3.1699999999999964,37.81333333333333,61.10666666666666,0,2,1,0
20240508,1.66,36.77,24.75,62.49,0.88,10.6583,77.0094,Rose,24.0,56.0,1.36,Bud_Initiation,2.739999999999996,37.72,60.873333333333335,0,2,1,0
20240509,10.52,33.7,24.56,72.5,0.92,10.6583,77.0094,Rose,24.0,56.0,1.36,Bud_Initiation,13.029999999999996,36.303333333333335,64.98333333333333,0,2,0,0
20240510,8.98,30.86,24.31,78.61,0.56,10.6583,77.0094,Rose,24.0,56.0,1.36,Pruning_Vegetative,21.159999999999997,33.77666666666667,71.2,0,1,0,0
20240511,5.43,33.46,23.57,75.84,0.47,10.6583,77.0094,Rose,24.0,56.0,1.36,Pruning_Vegetative,24.929999999999996,32.67333333333333,75.64999999999999,0,1,0,0
20240512,6.03,31.38,24.16,79.79,0.61,10.6583,77.0094,Rose,24.0,56.0,1.36,Active_Harvesting,20.439999999999998,31.899999999999995,78.08,0,1,0,0
20240513,6.15,31.22,24.1,80.0,0.56,10.6583,77.0094,Rose,24.0,56.0,1.36,Pruning_Vegetative,17.609999999999996,32.02,78.54333333333334,0,1,0,0
20240514,4.63,33.48,23.17,74.49,0.48,10.6583,77.0094,Rose,24.0,56.0,1.36,Active_Harvesting,16.809999999999995,32.026666666666664,78.09333333333335,0,1,0,0
20240515,8.35,34.47,23.24,73.42,0.6,10.6583,77.0094,Rose,24.0,56.0,1.36,Pruning_Vegetative,19.129999999999995,33.056666666666665,75.97,0,1,0,0
20240516,7.41,30.98,24.08,78.32,0.61,10.6583,77.0094,Rose,24.0,56.0,1.36,Active_Harvesting,20.389999999999997,32.97666666666667,75.41,0,1,0,0
20240517,25.98,33.37,22.68,76.2,0.52,10.6583,77.0094,Rose,24.0,56.0,1.36,Pruning_Vegetative,41.739999999999995,32.94,75.98,1,1,0,0
20240518,20.28,30.48,23.83,85.2,0.94,10.6583,77.0094,Rose,24.0,56.0,1.36,Bud_Initiation,53.67,31.61,79.90666666666667,1,1,0,0
20240519,15.47,29.2,23.09,86.12,2.05,10.6583,77.0094,Rose,24.0,56.0,1.36,Active_Harvesting,61.730000000000004,31.016666666666662,82.50666666666667,2,1,0,0
20240520,25.34,25.81,23.06,92.39,1.32,10.6583,77.0094,Rose,24.0,56.0,1.36,Pruning_Vegetative,61.089999999999996,28.496666666666666,87.90333333333332,2,0,0,2
20240521,19.72,29.33,22.9,84.22,0.69,10.6583,77.0094,Rose,24.0,56.0,1.36,Bud_Initiation,60.529999999999994,28.11333333333333,87.57666666666667,2,0,0,0
20240522,33.42,27.86,22.67,92.64,1.12,10.6583,77.0094,Rose,24.0,56.0,1.36,Active_Harvesting,78.47999999999999,27.666666666666668,89.75,2,0,0,2
20240523,14.86,26.63,23.9,94.55,1.27,10.6583,77.0094,Rose,24.0,56.0,1.36,Pruning_Vegetative,68.0,27.939999999999998,90.47000000000001,2,0,0,2
20240524,15.42,28.23,23.34,90.67,1.67,10.6583,77.0094,Rose,24.0,56.0,1.36,Pruning_Vegetative,63.699999999999996,27.573333333333334,92.62,2,0,0,0
20240525,10.61,27.11,22.79,89.64,1.73,10.6583,77.0094,Rose,24.0,56.0,1.36,Active_Harvesting,40.88999999999999,27.323333333333334,91.62,1,0,0,2
20240526,4.03,27.79,22.03,89.32,2.13,10.6583,77.0094,Rose,24.0,56.0,1.36,Bud_Initiation,30.05999999999999,27.709999999999997,89.87666666666667,0,0,0,2
20240527,5.29,28.55,22.57,87.8,2.34,10.6583,77.0094,Rose,24.0,56.0,1.36,Active_Harvesting,19.929999999999993,27.816666666666663,88.92,0,0,0,0
20240528,16.98,26.47,23.07,92.78,2.23,10.6583,77.0094,Rose,24.0,56.0,1.36,Pruning_Vegetative,26.299999999999994,27.603333333333335,89.96666666666665,0,0,0,2
20240529,29.35,28.06,23.11,89.2,2.11,10.6583,77.0094,Rose,24.0,56.0,1.36,Pruning_Vegetative,51.61999999999999,27.69333333333333,89.92666666666668,1,0,0,0
20240530,8.14,29.09,22.92,90.0,1.92,10.6583,77.0094,Rose,24.0,56.0,1.36,Pruning_Vegetative,54.47,27.873333333333335,90.66000000000001,1,0,0,0
20240531,9.11,28.17,23.06,91.33,1.61,10.6583,77.0094,Rose,24.0,56.0,1.36,Active_Harvesting,46.599999999999994,28.439999999999998,90.17666666666666,1,0,0,0
20240601,8.73,28.19,23.71,92.44,1.77,10.6583,77.0094,Rose,24.0,56.0,1.36,Bud_Initiation,25.979999999999993,28.483333333333334,91.25666666666666,0,0,0,0
20240602,10.14,28.09,22.86,88.87,0.82,10.6583,77.0094,Rose,24.0,56.0,1.36,Bud_Initiation,27.979999999999993,28.150000000000002,90.88,0,0,0,0
20240603,7.86,28.7,22.92,88.7,1.23,10.6583,77.0094,Rose,24.0,56.0,1.36,Active_Harvesting,26.729999999999993,28.326666666666668,90.00333333333333,0,0,0,0
20240604,1.96,28.78,22.65,89.01,1.49,10.6583,77.0094,Rose,24.0,56.0,1.36,Active_Harvesting,19.959999999999994,28.523333333333337,88.86000000000001,0,0,0,0
20240605,5.1,27.35,22.93,91.74,1.37,10.6583,77.0094,Rose,24.0,56.0,1.36,Pruning_Vegetative,14.919999999999993,28.276666666666667,89.81666666666666,0,0,0,1
20240606,23.29,26.9,22.03,90.31,1.4,10.6583,77.0094,Rose,24.0,56.0,1.36,Bud_Initiation,30.34999999999999,27.676666666666666,90.35333333333334,0,0,0,2
20240607,6.19,28.23,21.35,88.78,1.53,10.6583,77.0094,Rose,24.0,56.0,1.36,Active_Harvesting,34.57999999999999,27.49333333333333,90.27666666666666,1,0,0,0
20240608,8.05,27.28,22.11,90.69,2.16,10.6583,77.0094,Rose,24.0,56.0,1.36,Pruning_Vegetative,37.529999999999994,27.47,89.92666666666666,1,0,0,2
20240609,5.12,27.17,22.73,90.19,2.24,10.6583,77.0094,Rose,24.0,56.0,1.36,Pruning_Vegetative,19.359999999999996,27.560000000000002,89.88666666666666,0,0,0,2
20240610,3.09,27.6,21.97,88.95,2.28,10.6583,77.0094,Rose,24.0,56.0,1.36,Active_Harvesting,16.259999999999994,27.350000000000005,89.94333333333334,0,0,0,2
20240611,4.58,26.55,21.18,89.04,1.93,10.6583,77.0094,Rose,24.0,56.0,1.36,Active_Harvesting,12.789999999999992,27.10666666666667,89.39333333333333,0,0,0,1
20240612,7.61,27.1,21.38,86.82,1.86,10.6583,77.0094,Rose,24.0,56.0,1.36,Active_Harvesting,15.279999999999994,27.083333333333332,88.27,0,0,0,2
20240613,2.04,28.89,20.74,84.23,1.65,10.6583,77.0094,Rose,24.0,56.0,1.36,Active_Harvesting,14.229999999999993,27.513333333333335,86.69666666666667,0,0,0,0
20240614,0.28,29.21,20.94,87.14,1.56,10.6583,77.0094,Rose,24.0,56.0,1.36,Active_Harvesting,9.929999999999993,28.400000000000002,86.06333333333333,0,0,0,0
20240615,1.27,28.8,22.22,88.28,1.81,10.6583,77.0094,Rose,24.0,56.0,1.36,Pruning_Vegetative,3.5899999999999928,28.96666666666667,86.55,0,0,0,0
20240616,1.64,28.7,22.28,89.09,1.6,10.6583,77.0094,Rose,24.0,56.0,1.36,Active_Harvesting,3.189999999999993,28.903333333333332,88.17,0,0,0,0
20240617,2.84,28.41,21.57,87.24,1.53,10.6583,77.0094,Rose,24.0,56.0,1.36,Bud_Initiation,5.749999999999993,28.636666666666667,88.20333333333333,0,0,0,0
20240618,15.34,27.74,21.43,89.4,1.74,10.6583,77.0094,Rose,24.0,56.0,1.36,Bud_Initiation,19.819999999999993,28.28333333333333,88.57666666666667,0,0,0,2
20240619,10.74,27.8,22.08,88.27,2.05,10.6583,77.0094,Rose,24.0,56.0,1.36,Active_Harvesting,28.919999999999995,27.98333333333333,88.30333333333334,0,0,0,2
20240620,4.4,27.48,21.17,87.72,2.27,10.6583,77.0094,Rose,24.0,56.0,1.36,Active_Harvesting,30.479999999999993,27.673333333333332,88.46333333333332,0,0,0,2
20240621,2.69,27.55,21.14,85.97,1.98,10.6583,77.0094,Rose,24.0,56.0,1.36,Pruning_Vegetative,17.829999999999995,27.610000000000003,87.32,0,0,0,2
20240622,4.1,26.16,21.24,89.0,2.01,10.6583,77.0094,Rose,24.0,56.0,1.36,Pruning_Vegetative,11.189999999999992,27.063333333333333,87.56333333333333,0,0,0,1
20240623,9.83,25.78,21.41,89.36,2.47,10.6583,77.0094,Rose,24.0,56.0,1.36,Pruning_Vegetative,16.61999999999999,26.496666666666666,88.11,0,0,0,2
20240624,15.53,25.2,21.42,90.72,2.64,10.6583,77.0094,Rose,24.0,56.0,1.36,Bud_Initiation,29.459999999999994,25.713333333333335,89.69333333333334,0,0,0,2
20240625,19.01,26.36,21.43,86.8,3.02,10.6583,77.0094,Rose,24.0,56.0,1.36,Active_Harvesting,44.36999999999999,25.78,88.96,1,0,0,2
20240626,15.98,26.14,21.39,89.61,2.92,10.6583,77.0094,Rose,24.0,56.0,1.36,Pruning_Vegetative,50.519999999999996,25.900000000000002,89.04333333333334,1,0,0,2
20240627,5.92,25.77,21.3,88.27,2.21,10.6583,77.0094,Rose,24.0,56.0,1.36,Pruning_Vegetative,40.90999999999999,26.09,88.22666666666667,1,0,0,2
20240628,3.24,27.6,21.36,88.56,1.87,10.6583,77.0094,Rose,24.0,56.0,1.36,Bud_Initiation,25.139999999999993,26.503333333333334,88.81333333333333,0,0,0,2
20240629,7.38,26.77,21.54,90.9,1.77,10.6583,77.0094,Rose,24.0,56.0,1.36,Pruning_Vegetative,16.539999999999992,26.713333333333335,89.24333333333334,0,0,0,2
20240630,3.0,26.6,20.88,91.11,1.37,10.6583,77.0094,Rose,24.0,56.0,1.36,Bud_Initiation,13.619999999999994,26.99,90.19000000000001,0,0,0,1
20240701,34.62,26.1,21.06,90.86,1.62,10.6583,77.0094,Rose,24.0,56.0,1.36,Bud_Initiation,44.99999999999999,26.49,90.95666666666666,1,0,0,2
20240702,5.16,27.5,20.14,85.91,1.43,10.6583,77.0094,Rose,24.0,56.0,1.36,Active_Harvesting,42.77999999999999,26.733333333333334,89.29333333333334,1,0,0,2
20240703,4.3,27.74,21.03,89.87,1.7,10.6583,77.0094,Rose,24.0,56.0,1.36,Pruning_Vegetative,44.07999999999999,27.113333333333333,88.88,1,0,0,2
20240704,1.37,27.4,21.34,86.94,1.72,10.6583,77.0094,Rose,24.0,56.0,1.36,Active_Harvesting,10.829999999999993,27.546666666666667,87.57333333333332,0,0,0,1
20240705,2.16,26.89,21.29,88.64,1.81,10.6583,77.0094,Rose,24.0,56.0,1.36,Bud_Initiation,7.829999999999993,27.343333333333334,88.48333333333335,0,0,0,1
20240706,5.7,25.21,21.04,90.88,1.92,10.6583,77.0094,Rose,24.0,56.0,1.36,Pruning_Vegetative,9.229999999999993,26.5,88.82000000000001,0,0,0,1
20240707,3.54,26.72,21.55,89.43,2.09,10.6583,77.0094,Rose,24.0,56.0,1.36,Active_Harvesting,11.399999999999993,26.27333333333333,89.65000000000002,0,0,0,1
20240708,6.55,24.97,21.22,92.2,2.4,10.6583,77.0094,Rose,24.0,56.0,1.36,Pruning_Vegetative,15.789999999999992,25.63333333333333,90.83666666666666,0,0,0,2
20240709,2.81,25.51,20.7,91.49,2.13,10.6583,77.0094,Rose,24.0,56.0,1.36,Active_Harvesting,12.899999999999993,25.733333333333334,91.04,0,0,0,1
20240710,8.02,26.18,21.21,91.31,1.96,10.6583,77.0094,Rose,24.0,56.0,1.36,Active_Harvesting,17.379999999999992,25.55333333333333,91.66666666666667,0,0,0,2
20240711,3.5,26.61,20.81,86.77,1.47,10.6583,77.0094,Rose,24.0,56.0,1.36,Bud_Initiation,14.329999999999991,26.100000000000005,89.85666666666667,0,0,0,1
20240712,12.14,27.56,20.8,89.0,1.97,10.6583,77.0094,Rose,24.0,56.0,1.36,Bud_Initiation,23.659999999999993,26.78333333333333,89.02666666666666,0,0,0,2
20240713,13.4,25.71,21.1,91.04,2.2,10.6583,77.0094,Rose,24.0,56.0,1.36,Pruning_Vegetative,29.039999999999992,26.626666666666665,88.93666666666667,0,0,0,2
20240714,11.29,27.14,21.0,88.82,2.6,10.6583,77.0094,Rose,24.0,56.0,1.36,Pruning_Vegetative,36.82999999999999,26.80333333333333,89.62,1,0,0,2
20240715,37.54,24.03,22.36,93.07,3.65,10.6583,77.0094,Rose,24.0,56.0,1.36,Pruning_Vegetative,62.22999999999999,25.626666666666665,90.97666666666667,2,0,0,2
20240716,16.93,25.15,21.19,92.27,3.39,10.6583,77.0094,Rose,24.0,56.0,1.36,Active_Harvesting,65.75999999999999,25.44,91.38666666666666,2,0,0,2
20240717,21.66,25.69,21.84,91.56,3.02,10.6583,77.0094,Rose,24.0,56.0,1.36,Active_Harvesting,76.13,24.956666666666667,92.3,2,0,0,2
20240718,9.67,24.95,22.12,91.89,3.24,10.6583,77.0094,Rose,24.0,56.0,1.36,Bud_Initiation,48.25999999999999,25.263333333333335,91.90666666666668,1,0,0,2
20240719,6.9,25.77,21.73,92.21,3.04,10.6583,77.0094,Rose,24.0,56.0,1.36,Active_Harvesting,38.22999999999999,25.47,91.88666666666667,1,0,0,2
20240720,2.88,25.91,22.21,91.51,2.74,10.6583,77.0094,Rose,24.0,56.0,1.36,Active_Harvesting,19.449999999999992,25.543333333333333,91.87,0,0,0,2
20240721,0.53,26.47,21.75,90.94,2.82,10.6583,77.0094,Rose,24.0,56.0,1.36,Active_Harvesting,10.309999999999993,26.049999999999997,91.55333333333333,0,0,0,1
20240722,2.62,26.11,21.57,90.04,2.49,10.6583,77.0094,Rose,24.0,56.0,1.36,Bud_Initiation,6.029999999999993,26.16333333333333,90.83,0,0,0,1
20240723,3.18,26.63,21.28,89.49,2.24,10.6583,77.0094,Rose,24.0,56.0,1.36,Active_Harvesting,6.329999999999993,26.403333333333336,90.15666666666668,0,0,0,1
20240724,6.39,26.79,21.38,88.8,2.49,10.6583,77.0094,Rose,24.0,56.0,1.36,Active_Harvesting,12.189999999999994,26.51,89.44333333333333,0,0,0,1
20240725,13.34,26.43,21.46,88.81,3.01,10.6583,77.0094,Rose,24.0,56.0,1.36,Active_Harvesting,22.909999999999993,26.616666666666664,89.03333333333332,0,0,0,2
20240726,7.41,25.14,22.31,91.9,3.2,10.6583,77.0094,Rose,24.0,56.0,1.36,Bud_Initiation,27.139999999999993,26.12,89.83666666666666,0,0,0,2
20240727,4.13,25.83,21.32,91.36,2.6,10.6583,77.0094,Rose,24.0,56.0,1.36,Pruning_Vegetative,24.879999999999992,25.8,90.69,0,0,0,2
20240728,8.98,26.68,20.91,90.38,2.85,10.6583,77.0094,Rose,24.0,56.0,1.36,Active_Harvesting,20.519999999999996,25.883333333333336,91.21333333333332,0,0,0,2
20240729,43.2,25.77,22.24,91.85,3.12,10.6583,77.0094,Rose,24.0,56.0,1.36,Bud_Initiation,56.31,26.093333333333334,91.19666666666667,2,0,0,2
20240730,13.15,25.28,21.61,92.35,2.21,10.6583,77.0094,Rose,24.0,56.0,1.36,Pruning_Vegetative,65.33,25.91,91.52666666666666,2,0,0,2
20240731,8.63,26.2,21.83,93.2,1.96,10.6583,77.0094,Rose,24.0,56.0,1.36,Pruning_Vegetative,64.98,25.75,92.46666666666665,2,0,0,2
20240801,12.32,27.05,22.18,91.73,2.17,10.6583,77.0094,Rose,24.0,56.0,1.36,Active_Harvesting,34.1,26.176666666666666,92.42666666666666,1,0,0,2
20240802,2.72,25.23,21.3,92.4,2.09,10.6583,77.0094,Rose,24.0,56.0,1.36,Bud_Initiation,23.67,26.16,92.44333333333334,0,0,0,2
20240803,4.2,26.6,20.85,90.28,1.63,10.6583,77.0094,Rose,24.0,56.0,1.36,Bud_Initiation,19.240000000000002,26.293333333333333,91.47000000000001,0,0,0,2
20240804,8.75,26.46,21.16,90.99,1.56,10.6583,77.0094,Rose,24.0,56.0,1.36,Active_Harvesting,15.67,26.096666666666668,91.22333333333334,0,0,0,2
20240805,4.68,26.71,20.69,91.24,1.4,10.6583,77.0094,Rose,24.0,56.0,1.36,Pruning_Vegetative,17.63,26.590000000000003,90.83666666666666,0,0,0,2
20240806,10.76,26.83,21.69,89.94,1.54,10.6583,77.0094,Rose,24.0,56.0,1.36,Bud_Initiation,24.189999999999998,26.666666666666668,90.72333333333331,0,0,0,2
20240807,6.79,25.59,21.44,93.13,1.59,10.6583,77.0094,Rose,24.0,56.0,1.36,Active_Harvesting,22.23,26.376666666666665,91.43666666666665,0,0,0,2
20240808,3.54,25.74,21.16,92.84,1.83,10.6583,77.0094,Rose,24.0,56.0,1.36,Active_Harvesting,21.09,26.05333333333333,91.96999999999998,0,0,0,2
20240809,3.55,26.93,21.2,91.51,1.6,10.6583,77.0094,Rose,24.0,56.0,1.36,Bud_Initiation,13.879999999999999,26.086666666666662,92.49333333333334,0,0,0,1
20240810,10.6,25.55,22.02,93.64,1.51,10.6583,77.0094,Rose,24.0,56.0,1.36,Active_Harvesting,17.69,26.073333333333334,92.66333333333334,0,0,0,2
20240811,8.11,27.52,21.64,91.21,0.87,10.6583,77.0094,Rose,24.0,56.0,1.36,Active_Harvesting,22.26,26.666666666666668,92.12,0,0,0,2
20240812,11.17,28.23,23.17,89.67,0.77,10.6583,77.0094,Rose,24.0,56.0,1.36,Active_Harvesting,29.880000000000003,27.099999999999998,91.50666666666666,0,0,0,0
20240813,38.79,29.36,22.5,85.73,0.58,10.6583,77.0094,Rose,24.0,56.0,1.36,Bud_Initiation,58.07,28.37,88.87,2,0,0,0
20240814,21.78,27.95,22.82,88.54,0.47,10.6583,77.0094,Rose,24.0,56.0,1.36,Pruning_Vegetative,71.74000000000001,28.513333333333332,87.98000000000002,2,0,0,2
20240815,16.89,29.11,22.25,89.64,0.86,10.6583,77.0094,Rose,24.0,56.0,1.36,Active_Harvesting,77.46000000000001,28.80666666666666,87.97000000000001,2,0,0,0
20240816,9.36,27.95,23.21,92.52,0.52,10.6583,77.0094,Rose,24.0,56.0,1.36,Pruning_Vegetative,48.03000000000001,28.336666666666662,90.23333333333333,1,0,0,2
20240817,5.4,26.97,22.54,93.0,1.94,10.6583,77.0094,Rose,24.0,56.0,1.36,Active_Harvesting,31.650000000000006,28.01,91.71999999999998,0,0,0,2
20240818,9.91,27.46,22.13,90.01,0.57,10.6583,77.0094,Rose,24.0,56.0,1.36,Bud_Initiation,24.67000000000001,27.459999999999997,91.84333333333335,0,0,0,2
20240819,4.7,27.56,22.72,91.94,1.24,10.6583,77.0094,Rose,24.0,56.0,1.36,Active_Harvesting,20.01000000000001,27.33,91.64999999999999,0,0,0,2
20240820,11.23,27.29,21.99,90.86,1.08,10.6583,77.0094,Rose,24.0,56.0,1.36,Bud_Initiation,25.84000000000001,27.436666666666667,90.93666666666667,0,0,0,2
20240821,7.43,25.47,21.37,91.99,2.09,10.6583,77.0094,Rose,24.0,56.0,1.36,Pruning_Vegetative,23.360000000000007,26.77333333333333,91.59666666666668,0,0,0,2
20240822,0.53,26.41,21.06,90.77,1.97,10.6583,77.0094,Rose,24.0,56.0,1.36,Bud_Initiation,19.19000000000001,26.39,91.20666666666666,0,0,0,2
20240823,0.01,28.24,20.39,89.18,1.58,10.6583,77.0094,Rose,24.0,56.0,1.36,Active_Harvesting,7.970000000000009,26.706666666666667,90.64666666666666,0,0,0,0
20240824,0.66,27.0,21.17,90.78,1.95,10.6583,77.0094,Rose,24.0,56.0,1.36,Pruning_Vegetative,1.200000000000009,27.21666666666667,90.24333333333334,0,0,0,1
20240825,0.95,26.74,21.62,90.52,2.33,10.6583,77.0094,Rose,24.0,56.0,1.36,Pruning_Vegetative,1.620000000000009,27.326666666666668,90.16000000000001,0,0,0,1
20240826,1.73,26.66,21.53,90.4,2.45,10.6583,77.0094,Rose,24.0,56.0,1.36,Bud_Initiation,3.3400000000000087,26.8,90.56666666666666,0,0,0,1
20240827,2.12,27.02,21.71,90.71,2.14,10.6583,77.0094,Rose,24.0,56.0,1.36,Pruning_Vegetative,4.800000000000009,26.80666666666667,90.54333333333334,0,0,0,1
20240828,2.9,26.29,21.7,91.04,1.75,10.6583,77.0094,Rose,24.0,56.0,1.36,Active_Harvesting,6.750000000000009,26.656666666666666,90.71666666666668,0,0,0,1
20240829,11.43,26.93,21.5,90.9,2.19,10.6583,77.0094,Rose,24.0,56.0,1.36,Active_Harvesting,16.45000000000001,26.746666666666666,90.88333333333333,0,0,0,2
20240830,12.39,25.78,22.15,94.05,2.04,10.6583,77.0094,Rose,24.0,56.0,1.36,Pruning_Vegetative,26.72000000000001,26.333333333333332,91.99666666666667,0,0,0,2
20240831,7.66,25.57,21.97,92.88,2.06,10.6583,77.0094,Rose,24.0,56.0,1.36,Bud_Initiation,31.480000000000008,26.093333333333334,92.61,0,0,0,2
20240901,4.1,25.67,21.95,91.77,1.93,10.6583,77.0094,Rose,24.0,56.0,1.36,Bud_Initiation,24.150000000000013,25.673333333333336,92.89999999999999,0,0,0,2
20240902,7.04,25.48,21.34,91.73,2.02,10.6583,77.0094,Rose,24.0,56.0,1.36,Pruning_Vegetative,18.800000000000008,25.573333333333334,92.12666666666667,0,0,0,2
20240903,4.07,26.68,22.02,91.72,2.02,10.6583,77.0094,Rose,24.0,56.0,1.36,Pruning_Vegetative,15.210000000000008,25.94333333333333,91.74000000000001,0,0,0,2
20240904,5.66,27.12,22.1,91.36,1.99,10.6583,77.0094,Rose,24.0,56.0,1.36,Active_Harvesting,16.77000000000001,26.426666666666666,91.60333333333334,0,0,0,2
20240905,2.83,27.68,21.71,90.69,1.83,10.6583,77.0094,Rose,24.0,56.0,1.36,Pruning_Vegetative,12.56000000000001,27.16,91.25666666666666,0,0,0,1
20240906,2.06,26.75,21.99,92.57,1.74,10.6583,77.0094,Rose,24.0,56.0,1.36,Bud_Initiation,10.55000000000001,27.183333333333334,91.54,0,0,0,1
20240907,3.98,27.49,21.64,91.18,1.76,10.6583,77.0094,Rose,24.0,56.0,1.36,Active_Harvesting,8.870000000000008,27.30666666666666,91.48,0,0,0,1
20240908,7.4,26.52,21.97,91.11,2.01,10.6583,77.0094,Rose,24.0,56.0,1.36,Bud_Initiation,13.440000000000008,26.92,91.62,0,0,0,1
20240909,5.69,25.84,21.91,92.79,2.15,10.6583,77.0094,Rose,24.0,56.0,1.36,Active_Harvesting,17.070000000000007,26.616666666666664,91.69333333333333,0,0,0,2
20240910,5.67,27.1,22.41,91.29,2.56,10.6583,77.0094,Rose,24.0,56.0,1.36,Active_Harvesting,18.76000000000001,26.486666666666668,91.73,0,0,0,2
20240911,4.69,26.94,22.49,91.48,2.04,10.6583,77.0094,Rose,24.0,56.0,1.36,Pruning_Vegetative,16.05000000000001,26.62666666666667,91.85333333333334,0,0,0,2
20240912,0.85,26.84,21.43,88.72,1.75,10.6583,77.0094,Rose,24.0,56.0,1.36,Bud_Initiation,11.21000000000001,26.959999999999997,90.49666666666667,0,0,0,1
20240913,0.09,27.73,21.19,90.09,1.42,10.6583,77.0094,Rose,24.0,56.0,1.36,Active_Harvesting,5.63000000000001,27.17,90.09666666666668,0,0,0,1
20240914,0.67,28.19,21.14,89.27,1.61,10.6583,77.0094,Rose,24.0,56.0,1.36,Pruning_Vegetative,1.6100000000000088,27.58666666666667,89.36,0,0,0,0
20240915,0.24,27.43,21.52,89.67,1.65,10.6583,77.0094,Rose,24.0,56.0,1.36,Pruning_Vegetative,1.0000000000000089,27.78333333333333,89.67666666666668,0,0,0,1
20240916,0.02,28.28,21.56,88.36,1.59,10.6583,77.0094,Rose,24.0,56.0,1.36,Bud_Initiation,0.9300000000000089,27.96666666666667,89.09999999999998,0,0,0,0
20240917,0.01,28.51,20.83,88.69,1.79,10.6583,77.0094,Rose,24.0,56.0,1.36,Bud_Initiation,0.2700000000000089,28.073333333333334,88.90666666666668,0,0,0,0
20240918,0.0,27.79,20.85,87.97,1.5,10.6583,77.0094,Rose,24.0,56.0,1.36,Active_Harvesting,0.03000000000000888,28.19333333333333,88.33999999999999,0,0,0,1
20240919,0.03,26.64,20.64,89.74,1.25,10.6583,77.0094,Rose,24.0,56.0,1.36,Bud_Initiation,0.040000000000008876,27.646666666666665,88.8,0,0,0,1
20240920,0.1,28.02,20.42,88.44,1.62,10.6583,77.0094,Rose,24.0,56.0,1.36,Pruning_Vegetative,0.1300000000000089,27.48333333333333,88.71666666666665,0,0,0,0
20240921,0.73,27.46,21.77,89.06,1.81,10.6583,77.0094,Rose,24.0,56.0,1.36,Pruning_Vegetative,0.8600000000000089,27.373333333333335,89.08,0,0,0,1
20240922,5.11,27.75,21.22,89.97,1.69,10.6583,77.0094,Rose,24.0,56.0,1.36,Pruning_Vegetative,5.940000000000009,27.743333333333336,89.15666666666665,0,0,0,1
20240923,3.87,27.07,20.73,89.35,1.87,10.6583,77.0094,Rose,24.0,56.0,1.36,Active_Harvesting,9.71000000000001,27.426666666666666,89.46,0,0,0,1
20240924,3.52,26.36,21.62,90.97,2.07,10.6583,77.0094,Rose,24.0,56.0,1.36,Bud_Initiation,12.500000000000009,27.060000000000002,90.09666666666665,0,0,0,1
20240925,1.19,27.68,21.09,87.87,2.12,10.6583,77.0094,Rose,24.0,56.0,1.36,Pruning_Vegetative,8.580000000000009,27.036666666666665,89.39666666666666,0,0,0,1
20240926,1.13,27.75,21.11,88.9,1.54,10.6583,77.0094,Rose,24.0,56.0,1.36,Pruning_Vegetative,5.840000000000009,27.263333333333332,89.24666666666667,0,0,0,1
20240927,0.49,28.41,20.46,88.17,1.26,10.6583,77.0094,Rose,24.0,56.0,1.36,Pruning_Vegetative,2.8100000000000085,27.94666666666667,88.31333333333335,0,0,0,0
20240928,2.17,29.0,21.37,86.75,0.64,10.6583,77.0094,Rose,24.0,56.0,1.36,Active_Harvesting,3.7900000000000085,28.386666666666667,87.94000000000001,0,0,0,0
20240929,9.01,28.82,21.56,82.22,0.85,10.6583,77.0094,Rose,24.0,56.0,1.36,Bud_Initiation,11.670000000000009,28.743333333333336,85.71333333333332,0,0,0,0
20240930,6.08,27.53,21.68,84.91,0.72,10.6583,77.0094,Rose,24.0,56.0,1.36,Pruning_Vegetative,17.26000000000001,28.450000000000003,84.62666666666667,0,0,0,2
20241001,2.07,31.01,21.81,81.41,0.6,10.6583,77.0094,Rose,24.0,56.0,1.36,Active_Harvesting,17.160000000000007,29.120000000000005,82.84666666666666,0,0,0,0
20241002,2.3,29.86,21.93,86.38,0.81,10.6583,77.0094,Rose,24.0,56.0,1.36,Pruning_Vegetative,10.450000000000008,29.46666666666667,84.23333333333333,0,0,0,0
20241003,0.23,28.24,22.4,89.81,1.23,10.6583,77.0094,Rose,24.0,56.0,1.36,Pruning_Vegetative,4.6000000000000085,29.703333333333333,85.86666666666667,0,0,0,0
20241004,7.34,26.81,22.08,91.48,1.1,10.6583,77.0094,Rose,24.0,56.0,1.36,Active_Harvesting,9.870000000000008,28.30333333333333,89.22333333333334,0,0,0,1
20241005,8.09,26.61,21.52,88.38,0.84,10.6583,77.0094,Rose,24.0,56.0,1.36,Pruning_Vegetative,15.660000000000007,27.22,89.89,0,0,0,2
20241006,10.72,27.6,21.0,88.18,0.61,10.6583,77.0094,Rose,24.0,56.0,1.36,Pruning_Vegetative,26.150000000000006,27.00666666666667,89.34666666666668,0,0,0,2
20241007,9.59,28.05,21.14,87.78,0.97,10.6583,77.0094,Rose,24.0,56.0,1.36,Bud_Initiation,28.400000000000006,27.42,88.11333333333333,0,0,0,0
20241008,9.95,28.6,21.32,85.75,0.52,10.6583,77.0094,Rose,24.0,56.0,1.36,Active_Harvesting,30.260000000000005,28.083333333333332,87.23666666666666,0,0,0,0
20241009,9.91,28.08,22.26,89.76,0.97,10.6583,77.0094,Rose,24.0,56.0,1.36,Bud_Initiation,29.45000000000001,28.243333333333336,87.76333333333332,0,0,0,0
20241010,2.42,27.81,21.56,89.61,1.1,10.6583,77.0094,Rose,24.0,56.0,1.36,Pruning_Vegetative,22.280000000000005,28.163333333333338,88.37333333333333,0,0,0,2
20241011,23.55,25.79,21.42,91.63,1.02,10.6583,77.0094,Rose,24.0,56.0,1.36,Bud_Initiation,35.88000000000001,27.226666666666663,90.33333333333333,1,0,0,2
20241012,20.85,26.97,21.24,91.82,0.79,10.6583,77.0094,Rose,24.0,56.0,1.36,Active_Harvesting,46.82000000000001,26.856666666666666,91.02,1,0,0,2
20241013,33.79,28.19,21.49,89.01,0.29,10.6583,77.0094,Rose,24.0,56.0,1.36,Bud_Initiation,78.19,26.983333333333334,90.82,2,0,0,0
20241014,12.36,25.9,21.6,92.7,0.6,10.6583,77.0094,Rose,24.0,56.0,1.36,Pruning_Vegetative,67.0,27.02,91.17666666666666,2,0,0,2
20241015,13.67,24.09,18.85,89.82,1.01,10.6583,77.0094,Rose,24.0,56.0,1.36,Active_Harvesting,59.82000000000001,26.060000000000002,90.50999999999999,2,0,0,2
20241016,3.11,26.03,18.14,90.16,1.53,10.6583,77.0094,Rose,24.0,56.0,1.36,Active_Harvesting,29.140000000000008,25.340000000000003,90.89333333333333,0,0,0,2
20241017,3.21,27.47,20.69,90.42,1.7,10.6583,77.0094,Rose,24.0,56.0,1.36,Active_Harvesting,19.990000000000006,25.863333333333333,90.13333333333333,0,0,0,2
20241018,4.47,28.65,20.95,89.07,1.23,10.6583,77.0094,Rose,24.0,56.0,1.36,Active_Harvesting,10.790000000000006,27.383333333333336,89.88333333333333,0,0,0,0
20241019,3.33,25.67,21.72,92.44,0.67,10.6583,77.0094,Rose,24.0,56.0,1.36,Bud_Initiation,11.010000000000007,27.263333333333332,90.64333333333332,0,0,0,1
20241020,11.85,28.41,21.4,86.34,0.4,10.6583,77.0094,Rose,24.0,56.0,1.36,Bud_Initiation,19.650000000000006,27.576666666666668,89.28333333333335,0,0,0,0
20241021,8.38,28.27,22.43,88.73,0.45,10.6583,77.0094,Rose,24.0,56.0,1.36,Pruning_Vegetative,23.56000000000001,27.45,89.17,0,0,0,0
20241022,22.68,28.12,21.74,86.96,0.57,10.6583,77.0094,Rose,24.0,56.0,1.36,Pruning_Vegetative,42.91000000000001,28.266666666666666,87.34333333333332,1,0,0,0
20241023,15.55,29.05,22.16,87.85,0.55,10.6583,77.0094,Rose,24.0,56.0,1.36,Bud_Initiation,46.610000000000014,28.48,87.84666666666665,1,0,0,0
20241024,7.38,24.1,20.64,90.83,0.95,10.6583,77.0094,Rose,24.0,56.0,1.36,Active_Harvesting,45.61000000000001,27.090000000000003,88.54666666666667,1,0,0,2
20241025,11.05,28.62,20.16,87.79,0.74,10.6583,77.0094,Rose,24.0,56.0,1.36,Active_Harvesting,33.980000000000004,27.256666666666664,88.82333333333334,1,0,0,0
20241026,3.44,28.43,21.21,88.77,0.99,10.6583,77.0094,Rose,24.0,56.0,1.36,Bud_Initiation,21.870000000000008,27.05,89.13,0,0,0,0
20241027,0.45,28.17,20.65,88.89,1.03,10.6583,77.0094,Rose,24.0,56.0,1.36,Active_Harvesting,14.940000000000008,28.406666666666666,88.48333333333335,0,0,0,0
20241028,2.49,27.71,20.65,87.99,1.0,10.6583,77.0094,Rose,24.0,56.0,1.36,Pruning_Vegetative,6.380000000000008,28.103333333333335,88.55,0,0,0,1
20241029,0.85,28.53,20.65,86.64,0.84,10.6583,77.0094,Rose,24.0,56.0,1.36,Active_Harvesting,3.7900000000000076,28.13666666666667,87.83999999999999,0,0,0,0
20241030,0.11,28.92,20.74,88.1,0.81,10.6583,77.0094,Rose,24.0,56.0,1.36,Bud_Initiation,3.4500000000000073,28.38666666666667,87.57666666666667,0,0,0,0
20241031,7.14,29.75,21.44,85.23,0.55,10.6583,77.0094,Rose,24.0,56.0,1.36,Active_Harvesting,8.100000000000007,29.066666666666666,86.65666666666665,0,0,0,0
20241101,13.12,27.94,22.17,89.4,0.55,10.6583,77.0094,Rose,24.0,56.0,1.36,Bud_Initiation,20.370000000000005,28.87,87.57666666666667,0,0,0,2
20241102,16.98,26.48,22.25,91.64,0.9,10.6583,77.0094,Rose,24.0,56.0,1.36,Pruning_Vegetative,37.24000000000001,28.05666666666667,88.75666666666666,1,0,0,2
20241103,7.92,27.58,21.38,89.15,0.91,10.6583,77.0094,Rose,24.0,56.0,1.36,Bud_Initiation,38.02000000000001,27.333333333333332,90.06333333333333,1,0,0,2
20241104,13.06,28.12,21.25,87.48,0.93,10.6583,77.0094,Rose,24.0,56.0,1.36,Bud_Initiation,37.96000000000001,27.393333333333334,89.42333333333335,1,0,0,0
20241105,5.83,27.44,19.98,86.38,0.97,10.6583,77.0094,Rose,24.0,56.0,1.36,Pruning_Vegetative,26.81000000000001,27.713333333333335,87.67,0,0,0,2
20241106,0.06,28.5,20.21,82.53,0.66,10.6583,77.0094,Rose,24.0,56.0,1.36,Active_Harvesting,18.950000000000006,28.02,85.46333333333332,0,0,0,0
20241107,4.34,27.39,20.88,87.79,0.66,10.6583,77.0094,Rose,24.0,56.0,1.36,Active_Harvesting,10.230000000000008,27.776666666666667,85.56666666666666,0,0,0,1
20241108,4.61,28.33,21.4,87.68,1.1,10.6583,77.0094,Rose,24.0,56.0,1.36,Pruning_Vegetative,9.010000000000007,28.073333333333334,86.0,0,0,0,0
20241109,2.26,27.55,21.02,86.08,1.34,10.6583,77.0094,Rose,24.0,56.0,1.36,Active_Harvesting,11.210000000000006,27.75666666666667,87.18333333333334,0,0,0,1
20241110,0.0,27.34,18.97,82.88,1.22,10.6583,77.0094,Rose,24.0,56.0,1.36,Bud_Initiation,6.870000000000007,27.74,85.54666666666667,0,0,0,1
20241111,0.03,27.76,18.56,79.23,1.01,10.6583,77.0094,Rose,24.0,56.0,1.36,Bud_Initiation,2.2900000000000067,27.55,82.73,0,0,0,1
20241112,0.29,28.19,20.48,79.96,0.44,10.6583,77.0094,Rose,24.0,56.0,1.36,Bud_Initiation,0.32000000000000706,27.763333333333335,80.69,0,0,0,0
20241113,0.78,27.14,20.32,90.46,1.13,10.6583,77.0094,Rose,24.0,56.0,1.36,Bud_Initiation,1.1000000000000072,27.69666666666667,83.21666666666667,0,0,0,1
20241114,10.66,25.79,21.54,92.96,1.31,10.6583,77.0094,Rose,24.0,56.0,1.36,Bud_Initiation,11.730000000000008,27.040000000000003,87.79333333333334,0,0,0,1
20241115,7.3,26.97,21.15,90.72,1.29,10.6583,77.0094,Rose,24.0,56.0,1.36,Active_Harvesting,18.74000000000001,26.633333333333336,91.38,0,0,0,2
20241116,9.59,27.45,20.55,90.24,1.32,10.6583,77.0094,Rose,24.0,56.0,1.36,Active_Harvesting,27.550000000000008,26.736666666666668,91.30666666666666,0,0,0,2
20241117,7.79,27.42,21.14,90.01,1.45,10.6583,77.0094,Rose,24.0,56.0,1.36,Active_Harvesting,24.680000000000007,27.28,90.32333333333334,0,0,0,2
20241118,1.82,27.24,19.9,89.08,1.77,10.6583,77.0094,Rose,24.0,56.0,1.36,Pruning_Vegetative,19.200000000000006,27.37,89.77666666666666,0,0,0,2
20241119,1.42,27.22,20.43,87.35,1.59,10.6583,77.0094,Rose,24.0,56.0,1.36,Bud_Initiation,11.030000000000006,27.293333333333333,88.81333333333333,0,0,0,1
20241120,0.39,26.57,19.49,88.31,1.43,10.6583,77.0094,Rose,24.0,56.0,1.36,Active_Harvesting,3.630000000000007,27.01,88.24666666666667,0,0,0,1
20241121,0.79,27.24,19.18,87.6,1.23,10.6583,77.0094,Rose,24.0,56.0,1.36,Pruning_Vegetative,2.600000000000007,27.01,87.75333333333333,0,0,0,1
20241122,0.02,27.91,19.23,86.84,1.04,10.6583,77.0094,Rose,24.0,56.0,1.36,Active_Harvesting,1.200000000000007,27.24,87.58333333333333,0,0,0,1
20241123,0.0,27.35,19.01,86.29,1.07,10.6583,77.0094,Rose,24.0,56.0,1.36,Bud_Initiation,0.8100000000000072,27.5,86.91000000000001,0,0,0,1
20241124,0.0,27.57,19.77,86.09,1.32,10.6583,77.0094,Rose,24.0,56.0,1.36,Active_Harvesting,0.020000000000007106,27.61,86.40666666666668,0,0,0,1
20241125,0.05,26.04,19.31,87.08,1.12,10.6583,77.0094,Rose,24.0,56.0,1.36,Pruning_Vegetative,0.05000000000000711,26.986666666666668,86.48666666666668,0,0,0,1
20241126,6.38,25.09,19.04,90.64,0.82,10.6583,77.0094,Rose,24.0,56.0,1.36,Pruning_Vegetative,6.430000000000007,26.23333333333333,87.93666666666667,0,0,0,1
20241127,2.84,25.24,19.65,91.26,0.83,10.6583,77.0094,Rose,24.0,56.0,1.36,Bud_Initiation,9.270000000000007,25.456666666666667,89.66000000000001,0,0,0,1
20241128,0.49,27.65,20.33,79.82,0.66,10.6583,77.0094,Rose,24.0,56.0,1.36,Bud_Initiation,9.710000000000006,25.99333333333333,87.24000000000001,0,0,0,1
20241129,3.51,26.27,20.31,87.12,0.85,10.6583,77.0094,Rose,24.0,56.0,1.36,Bud_Initiation,6.840000000000007,26.386666666666667,86.06666666666668,0,0,0,1
20241130,2.42,27.38,20.83,91.6,0.98,10.6583,77.0094,Rose,24.0,56.0,1.36,Active_Harvesting,6.420000000000007,27.099999999999998,86.17999999999999,0,0,0,1
20241201,16.07,27.08,22.49,92.59,1.57,10.6583,77.0094,Rose,24.0,56.0,1.36,Pruning_Vegetative,22.000000000000007,26.909999999999997,90.43666666666667,0,0,0,2
20241202,28.12,25.32,22.98,96.38,1.85,10.6583,77.0094,Rose,24.0,56.0,1.36,Bud_Initiation,46.610000000000014,26.593333333333334,93.52333333333333,1,0,0,2
20241203,7.97,26.59,22.07,92.16,1.33,10.6583,77.0094,Rose,24.0,56.0,1.36,Pruning_Vegetative,52.16000000000001,26.330000000000002,93.71,1,0,0,2
20241204,1.31,27.89,21.04,85.6,0.99,10.6583,77.0094,Rose,24.0,56.0,1.36,Bud_Initiation,37.400000000000006,26.600000000000005,91.38,1,0,0,2
20241205,1.6,27.98,19.49,88.28,0.97,10.6583,77.0094,Rose,24.0,56.0,1.36,Bud_Initiation,10.880000000000006,27.486666666666665,88.67999999999999,0,0,0,1
20241206,0.19,28.28,19.61,87.55,1.08,10.6583,77.0094,Rose,24.0,56.0,1.36,Pruning_Vegetative,3.100000000000007,28.05,87.14333333333333,0,0,0,0
20241207,0.71,28.27,19.24,87.45,0.96,10.6583,77.0094,Rose,24.0,56.0,1.36,Bud_Initiation,2.500000000000007,28.176666666666666,87.75999999999999,0,0,0,0
20241208,0.22,28.15,19.41,86.51,0.92,10.6583,77.0094,Rose,24.0,56.0,1.36,Pruning_Vegetative,1.120000000000007,28.23333333333333,87.17,0,0,0,0
20241209,0.07,28.18,18.48,85.54,0.91,10.6583,77.0094,Rose,24.0,56.0,1.36,Active_Harvesting,1.000000000000007,28.2,86.5,0,0,0,0
20241210,0.03,27.52,18.46,85.44,0.99,10.6583,77.0094,Rose,24.0,56.0,1.36,Pruning_Vegetative,0.3200000000000071,27.95,85.83,0,0,0,1
20241211,2.03,26.76,19.44,87.26,1.23,10.6583,77.0094,Rose,24.0,56.0,1.36,Bud_Initiation,2.130000000000007,27.486666666666668,86.08,0,0,0,1
20241212,23.14,25.49,20.25,92.31,1.49,10.6583,77.0094,Rose,24.0,56.0,1.36,Bud_Initiation,25.200000000000006,26.59,88.33666666666666,0,0,0,2
20241213,31.94,24.7,20.84,94.36,2.2,10.6583,77.0094,Rose,24.0,56.0,1.36,Bud_Initiation,57.11000000000001,25.650000000000002,91.31,2,0,0,2
20241214,6.79,25.91,19.99,88.98,1.99,10.6583,77.0094,Rose,24.0,56.0,1.36,Bud_Initiation,61.870000000000005,25.366666666666664,91.88333333333334,2,0,0,2
20241215,1.37,25.6,17.71,86.27,1.56,10.6583,77.0094,Rose,24.0,56.0,1.36,Bud_Initiation,40.10000000000001,25.403333333333336,89.87,1,0,0,2
20241216,0.0,25.41,17.05,87.24,1.23,10.6583,77.0094,Rose,24.0,56.0,1.36,Active_Harvesting,8.160000000000007,25.64,87.49666666666667,0,0,0,1
20241217,0.0,27.69,17.33,80.77,0.63,10.6583,77.0094,Rose,24.0,56.0,1.36,Bud_Initiation,1.3700000000000072,26.233333333333334,84.75999999999999,0,0,0,1
20241218,0.0,28.45,19.35,82.29,0.62,10.6583,77.0094,Rose,24.0,56.0,1.36,Bud_Initiation,0.0,27.183333333333334,83.43333333333334,0,0,0,0
20241219,0.0,28.08,19.69,86.08,0.58,10.6583,77.0094,Rose,24.0,56.0,1.36,Bud_Initiation,0.0,28.073333333333334,83.04666666666667,0,0,0,0
20241220,0.0,28.7,19.97,85.94,0.75,10.6583,77.0094,Rose,24.0,56.0,1.36,Bud_Initiation,0.0,28.41,84.77,0,0,0,0
20241221,0.39,28.54,20.92,89.42,0.9,10.6583,77.0094,Rose,24.0,56.0,1.36,Pruning_Vegetative,0.3900000000000071,28.439999999999998,87.14666666666666,0,0,0,0
20241222,0.2,28.72,20.59,85.78,0.64,10.6583,77.0094,Rose,24.0,56.0,1.36,Active_Harvesting,0.5900000000000072,28.653333333333332,87.04666666666667,0,0,0,0
20241223,0.19,27.68,20.47,85.8,0.63,10.6583,77.0094,Rose,24.0,56.0,1.36,Bud_Initiation,0.7800000000000071,28.313333333333333,87.0,0,0,0,1
20241224,0.0,27.38,19.31,85.14,0.56,10.6583,77.0094,Rose,24.0,56.0,1.36,Pruning_Vegetative,0.3900000000000071,27.926666666666666,85.57333333333332,0,0,0,1
20241225,0.0,27.92,19.34,83.49,0.5,10.6583,77.0094,Rose,24.0,56.0,1.36,Pruning_Vegetative,0.1900000000000071,27.66,84.81,0,0,0,1
20241226,0.91,28.34,20.08,85.63,0.49,10.6583,77.0094,Rose,24.0,56.0,1.36,Active_Harvesting,0.9100000000000071,27.88,84.75333333333333,0,0,0,0
20241227,2.72,27.86,20.63,86.6,1.61,10.6583,77.0094,Rose,24.0,56.0,1.36,Pruning_Vegetative,3.6300000000000074,28.040000000000003,85.24,0,0,0,1
20241228,0.23,27.15,19.92,84.91,1.75,10.6583,77.0094,Rose,24.0,56.0,1.36,Pruning_Vegetative,3.8600000000000074,27.78333333333333,85.71333333333332,0,0,0,1
20241229,0.16,27.22,18.13,84.85,1.39,10.6583,77.0094,Rose,24.0,56.0,1.36,Active_Harvesting,3.1100000000000074,27.409999999999997,85.45333333333333,0,0,0,1
20241230,1.35,27.39,18.93,88.41,1.7,10.6583,77.0094,Rose,24.0,56.0,1.36,Active_Harvesting,1.7400000000000073,27.25333333333333,86.05666666666666,0,0,0,1
20241231,0.15,27.21,19.66,86.58,2.25,10.6583,77.0094,Rose,24.0,56.0,1.36,Active_Harvesting,1.6600000000000072,27.273333333333337,86.61333333333333,0,0,0,1
20240101,0.0,27.86,17.68,82.81,1.05,10.6583,77.0094,Coconut,22.0,52.0,1.38,Inflorescence_Button,0.0,27.86,82.81,0,0,0,1
20240102,1.48,26.35,19.12,85.8,1.23,10.6583,77.0094,Coconut,22.0,52.0,1.38,Vegetative_Young,1.48,27.105,84.305,0,0,0,1
20240103,2.22,26.99,18.75,86.19,0.99,10.6583,77.0094,Coconut,22.0,52.0,1.38,Inflorescence_Button,3.7,27.066666666666666,84.93333333333334,0,0,0,1
20240104,8.63,26.68,19.69,89.72,0.88,10.6583,77.0094,Coconut,22.0,52.0,1.38,Vegetative_Young,12.330000000000002,26.673333333333332,87.23666666666666,0,0,0,1
20240105,9.44,27.06,20.6,88.88,1.0,10.6583,77.0094,Coconut,22.0,52.0,1.38,Nut_Maturity,20.29,26.909999999999997,88.26333333333332,0,0,0,1
20240106,3.03,25.64,19.88,88.91,1.26,10.6583,77.0094,Coconut,22.0,52.0,1.38,Inflorescence_Button,21.1,26.459999999999997,89.17,0,0,0,1
20240107,0.7,26.28,19.56,87.19,1.39,10.6583,77.0094,Coconut,22.0,52.0,1.38,Nut_Maturity,13.169999999999998,26.326666666666664,88.32666666666667,0,0,0,1
20240108,1.96,27.03,20.03,88.77,1.74,10.6583,77.0094,Coconut,22.0,52.0,1.38,Vegetative_Young,5.689999999999998,26.316666666666666,88.29,0,0,0,1
20240109,13.66,26.14,20.44,90.55,2.0,10.6583,77.0094,Coconut,22.0,52.0,1.38,Vegetative_Young,16.319999999999997,26.483333333333334,88.83666666666666,0,0,0,1
20240110,0.93,24.55,19.35,87.54,1.66,10.6583,77.0094,Coconut,22.0,52.0,1.38,Nut_Maturity,16.55,25.906666666666666,88.95333333333333,0,0,0,1
20240111,0.01,26.82,18.87,82.98,1.94,10.6583,77.0094,Coconut,22.0,52.0,1.38,Inflorescence_Button,14.599999999999998,25.83666666666667,87.02333333333333,0,0,0,1
20240112,0.0,26.95,18.13,82.95,2.02,10.6583,77.0094,Coconut,22.0,52.0,1.38,Vegetative_Young,0.9399999999999983,26.106666666666666,84.49,0,0,0,1
20240113,0.0,27.31,17.28,83.41,1.61,10.6583,77.0094,Coconut,22.0,52.0,1.38,Inflorescence_Button,0.009999999999998224,27.026666666666667,83.11333333333333,0,0,0,1
20240114,0.0,27.87,18.68,82.53,1.29,10.6583,77.0094,Coconut,22.0,52.0,1.38,Inflorescence_Button,0.0,27.376666666666665,82.96333333333334,0,0,0,1
20240115,0.0,27.51,17.04,80.31,1.1,10.6583,77.0094,Coconut,22.0,52.0,1.38,Nut_Maturity,0.0,27.563333333333333,82.08333333333333,0,0,0,1
20240116,0.0,27.36,15.6,79.77,0.93,10.6583,77.0094,Coconut,22.0,52.0,1.38,Vegetative_Young,0.0,27.58,80.87,0,0,0,0
20240117,0.0,27.87,16.78,76.39,0.88,10.6583,77.0094,Coconut,22.0,52.0,1.38,Nut_Maturity,0.0,27.580000000000002,78.82333333333334,0,0,0,0
20240118,0.0,28.31,16.3,71.22,0.84,10.6583,77.0094,Coconut,22.0,52.0,1.38,Vegetative_Young,0.0,27.846666666666664,75.79333333333334,0,0,0,0
20240119,0.86,29.26,17.33,80.83,0.9,10.6583,77.0094,Coconut,22.0,52.0,1.38,Inflorescence_Button,0.8599999999999982,28.48,76.14666666666666,0,0,0,0
20240120,1.13,29.06,19.84,83.75,1.23,10.6583,77.0094,Coconut,22.0,52.0,1.38,Vegetative_Young,1.989999999999998,28.876666666666665,78.60000000000001,0,0,0,0
20240121,0.1,29.42,19.29,78.74,1.27,10.6583,77.0094,Coconut,22.0,52.0,1.38,Inflorescence_Button,2.089999999999998,29.246666666666666,81.10666666666667,0,0,0,0
20240122,0.0,29.84,18.37,78.05,1.17,10.6583,77.0094,Coconut,22.0,52.0,1.38,Inflorescence_Button,1.2299999999999982,29.439999999999998,80.18,0,0,0,0
20240123,0.01,29.18,17.97,77.85,1.05,10.6583,77.0094,Coconut,22.0,52.0,1.38,Vegetative_Young,0.10999999999999822,29.48,78.21333333333332,0,0,0,0
20240124,0.73,29.65,18.7,79.46,0.52,10.6583,77.0094,Coconut,22.0,52.0,1.38,Nut_Maturity,0.7399999999999982,29.55666666666666,78.45333333333333,0,0,0,0
20240125,0.0,29.15,18.82,76.19,0.98,10.6583,77.0094,Coconut,22.0,52.0,1.38,Vegetative_Young,0.7399999999999982,29.326666666666664,77.83333333333333,0,0,0,0
20240126,0.0,28.93,17.32,74.89,1.44,10.6583,77.0094,Coconut,22.0,52.0,1.38,Vegetative_Young,0.7299999999999982,29.24333333333333,76.84666666666665,0,0,0,0
20240127,0.0,28.57,17.85,74.82,1.6,10.6583,77.0094,Coconut,22.0,52.0,1.38,Vegetative_Young,0.0,28.883333333333336,75.3,0,0,0,0
20240128,0.0,29.12,18.77,75.68,1.53,10.6583,77.0094,Coconut,22.0,52.0,1.38,Inflorescence_Button,0.0,28.873333333333335,75.13,0,0,0,0
20240129,0.0,29.46,17.35,73.39,1.28,10.6583,77.0094,Coconut,22.0,52.0,1.38,Nut_Maturity,0.0,29.05,74.63000000000001,0,0,0,0
20240130,0.0,30.06,16.14,71.16,0.96,10.6583,77.0094,Coconut,22.0,52.0,1.38,Inflorescence_Button,0.0,29.546666666666667,73.41,0,0,0,0
20240131,0.01,30.7,17.27,76.63,0.84,10.6583,77.0094,Coconut,22.0,52.0,1.38,Nut_Maturity,0.009999999999998224,30.073333333333334,73.72666666666667,0,0,1,0
20240201,0.01,31.09,19.59,75.57,0.7,10.6583,77.0094,Coconut,22.0,52.0,1.38,Inflorescence_Button,0.019999999999998224,30.616666666666664,74.45333333333333,0,0,1,0
20240202,0.01,31.51,19.88,74.13,0.5,10.6583,77.0094,Coconut,22.0,52.0,1.38,Vegetative_Young,0.03,31.099999999999998,75.44333333333333,0,0,1,0
20240203,0.03,31.71,20.23,75.08,1.02,10.6583,77.0094,Coconut,22.0,52.0,1.38,Vegetative_Young,0.04999999999999822,31.436666666666667,74.92666666666666,0,0,1,0
20240204,0.0,30.72,18.55,70.92,1.43,10.6583,77.0094,Coconut,22.0,52.0,1.38,Inflorescence_Button,0.03999999999999822,31.313333333333333,73.37666666666667,0,0,1,0
20240205,0.0,30.39,16.6,69.42,1.52,10.6583,77.0094,Coconut,22.0,52.0,1.38,Vegetative_Young,0.029999999999998223,30.939999999999998,71.80666666666667,0,0,1,0
20240206,0.0,30.63,15.85,70.27,1.56,10.6583,77.0094,Coconut,22.0,52.0,1.38,Nut_Maturity,0.0,30.580000000000002,70.20333333333333,0,0,1,0
20240207,0.0,31.32,15.97,68.43,1.42,10.6583,77.0094,Coconut,22.0,52.0,1.38,Inflorescence_Button,0.0,30.78,69.37333333333333,0,0,1,0
20240208,0.0,31.93,15.39,66.19,1.3,10.6583,77.0094,Coconut,22.0,52.0,1.38,Nut_Maturity,0.0,31.293333333333333,68.29666666666667,0,0,1,0
20240209,0.0,31.45,15.65,67.48,1.57,10.6583,77.0094,Coconut,22.0,52.0,1.38,Vegetative_Young,0.0,31.566666666666666,67.36666666666667,0,0,1,0
20240210,0.0,30.94,16.78,70.8,1.74,10.6583,77.0094,Coconut,22.0,52.0,1.38,Vegetative_Young,0.0,31.439999999999998,68.15666666666667,0,0,1,0
20240211,0.01,31.51,18.33,69.47,1.77,10.6583,77.0094,Coconut,22.0,52.0,1.38,Vegetative_Young,0.009999999999998224,31.3,69.25,0,0,1,0
20240212,0.0,31.46,16.38,67.82,1.76,10.6583,77.0094,Coconut,22.0,52.0,1.38,Inflorescence_Button,0.009999999999998224,31.30333333333333,69.36333333333333,0,0,1,0
20240213,0.0,31.36,17.05,69.72,1.7,10.6583,77.0094,Coconut,22.0,52.0,1.38,Nut_Maturity,0.009999999999998224,31.44333333333333,69.00333333333333,0,0,1,0
20240214,0.0,32.32,19.65,69.92,1.7,10.6583,77.0094,Coconut,22.0,52.0,1.38,Nut_Maturity,0.0,31.713333333333335,69.15333333333332,0,0,1,0
20240215,0.0,31.82,17.8,66.84,1.78,10.6583,77.0094,Coconut,22.0,52.0,1.38,Inflorescence_Button,0.0,31.833333333333332,68.82666666666667,0,0,1,0
20240216,0.0,32.38,18.53,67.58,1.87,10.6583,77.0094,Coconut,22.0,52.0,1.38,Vegetative_Young,0.0,32.17333333333334,68.11333333333333,0,0,1,0
20240217,0.0,33.42,18.56,65.93,1.47,10.6583,77.0094,Coconut,22.0,52.0,1.38,Vegetative_Young,0.0,32.54,66.78333333333335,0,0,1,0
20240218,0.0,33.2,17.64,61.06,1.24,10.6583,77.0094,Coconut,22.0,52.0,1.38,Inflorescence_Button,0.0,33.00000000000001,64.85666666666667,0,0,2,0
20240219,0.0,33.69,18.21,65.0,1.21,10.6583,77.0094,Coconut,22.0,52.0,1.38,Nut_Maturity,0.0,33.43666666666667,63.99666666666667,0,0,2,0
20240220,0.12,34.03,19.51,65.14,0.98,10.6583,77.0094,Coconut,22.0,52.0,1.38,Inflorescence_Button,0.11999999999999822,33.64,63.73333333333333,0,0,2,0
20240221,0.32,33.76,22.12,69.38,0.85,10.6583,77.0094,Coconut,22.0,52.0,1.38,Vegetative_Young,0.4399999999999982,33.82666666666666,66.50666666666666,0,0,2,0
20240222,0.0,34.11,21.69,63.87,1.26,10.6583,77.0094,Coconut,22.0,52.0,1.38,Nut_Maturity,0.4399999999999982,33.96666666666667,66.13,0,0,2,0
20240223,0.0,35.43,20.37,63.33,1.1,10.6583,77.0094,Coconut,22.0,52.0,1.38,Nut_Maturity,0.31999999999999823,34.43333333333333,65.52666666666667,0,0,2,0
20240224,0.0,34.62,20.93,63.67,0.77,10.6583,77.0094,Coconut,22.0,52.0,1.38,Nut_Maturity,0.0,34.72,63.623333333333335,0,0,2,0
20240225,0.0,34.85,21.62,60.29,1.2,10.6583,77.0094,Coconut,22.0,52.0,1.38,Vegetative_Young,0.0,34.96666666666667,62.43,0,0,2,0
20240226,0.0,34.23,19.8,57.99,2.18,10.6583,77.0094,Coconut,22.0,52.0,1.38,Nut_Maturity,0.0,34.56666666666666,60.650000000000006,0,0,2,0
20240227,0.0,34.27,21.84,60.21,2.26,10.6583,77.0094,Coconut,22.0,52.0,1.38,Inflorescence_Button,0.0,34.449999999999996,59.49666666666667,0,0,2,0
20240228,0.0,34.77,19.89,55.73,1.7,10.6583,77.0094,Coconut,22.0,52.0,1.38,Vegetative_Young,0.0,34.42333333333334,57.97666666666667,0,0,2,0
20240229,0.0,34.99,19.93,52.83,1.65,10.6583,77.0094,Coconut,22.0,52.0,1.38,Vegetative_Young,0.0,34.67666666666667,56.25666666666666,0,0,2,0
20240301,0.0,32.31,19.21,55.79,1.69,10.6583,77.0094,Coconut,22.0,52.0,1.38,Inflorescence_Button,0.0,34.02333333333333,54.78333333333333,0,0,2,0
20240302,0.0,34.57,17.54,47.23,1.17,10.6583,77.0094,Coconut,22.0,52.0,1.38,Vegetative_Young,0.0,33.95666666666667,51.949999999999996,0,0,2,0
20240303,0.0,35.77,20.93,50.28,0.72,10.6583,77.0094,Coconut,22.0,52.0,1.38,Inflorescence_Button,0.0,34.21666666666667,51.099999999999994,0,0,2,0
20240304,0.0,36.78,21.29,52.71,0.63,10.6583,77.0094,Coconut,22.0,52.0,1.38,Nut_Maturity,0.0,35.70666666666667,50.07333333333333,0,1,2,0
20240305,0.0,36.94,20.67,51.2,0.91,10.6583,77.0094,Coconut,22.0,52.0,1.38,Inflorescence_Button,0.0,36.49666666666667,51.39666666666667,0,2,2,0
20240306,0.0,36.39,21.79,55.93,0.81,10.6583,77.0094,Coconut,22.0,52.0,1.38,Nut_Maturity,0.0,36.70333333333333,53.28,0,1,2,0
20240307,0.0,37.44,22.42,49.93,0.58,10.6583,77.0094,Coconut,22.0,52.0,1.38,Vegetative_Young,0.0,36.92333333333333,52.35333333333333,0,1,2,0
20240308,0.0,36.35,21.73,56.11,0.67,10.6583,77.0094,Coconut,22.0,52.0,1.38,Inflorescence_Button,0.0,36.72666666666667,53.99,0,2,2,0
20240309,0.0,37.35,22.01,54.77,0.6,10.6583,77.0094,Coconut,22.0,52.0,1.38,Nut_Maturity,0.0,37.04666666666667,53.60333333333333,0,1,2,0
20240310,0.0,37.25,22.73,54.57,0.59,10.6583,77.0094,Coconut,22.0,52.0,1.38,Vegetative_Young,0.0,36.983333333333334,55.15,0,1,2,0
20240311,0.0,36.72,22.15,49.45,0.88,10.6583,77.0094,Coconut,22.0,52.0,1.38,Vegetative_Young,0.0,37.10666666666666,52.93000000000001,0,1,2,0
20240312,0.04,36.9,22.46,48.62,1.01,10.6583,77.0094,Coconut,22.0,52.0,1.38,Vegetative_Young,0.039999999999998224,36.95666666666667,50.879999999999995,0,1,2,0
20240313,0.27,36.54,22.36,57.07,0.65,10.6583,77.0094,Coconut,22.0,52.0,1.38,Inflorescence_Button,0.3099999999999982,36.72,51.71333333333333,0,2,2,0
20240314,0.73,36.04,22.89,65.06,1.22,10.6583,77.0094,Coconut,22.0,52.0,1.38,Nut_Maturity,1.0399999999999983,36.49333333333333,56.916666666666664,0,1,2,0
20240315,0.07,37.47,22.63,58.24,0.82,10.6583,77.0094,Coconut,22.0,52.0,1.38,Nut_Maturity,1.0699999999999983,36.68333333333333,60.123333333333335,0,1,2,0
20240316,0.12,37.8,22.71,52.13,0.6,10.6583,77.0094,Coconut,22.0,52.0,1.38,Inflorescence_Button,0.9199999999999982,37.10333333333333,58.47666666666667,0,2,2,0
20240317,0.0,37.32,20.78,46.01,1.03,10.6583,77.0094,Coconut,22.0,52.0,1.38,Vegetative_Young,0.18999999999999823,37.53,52.126666666666665,0,1,2,0
20240318,0.0,37.19,21.79,47.72,0.69,10.6583,77.0094,Coconut,22.0,52.0,1.38,Vegetative_Young,0.11999999999999822,37.43666666666667,48.62,0,1,2,0
20240319,0.0,37.53,21.81,48.05,0.84,10.6583,77.0094,Coconut,22.0,52.0,1.38,Vegetative_Young,0.0,37.346666666666664,47.26,0,1,2,0
20240320,0.11,37.82,22.24,46.65,0.78,10.6583,77.0094,Coconut,22.0,52.0,1.38,Nut_Maturity,0.10999999999999822,37.51333333333333,47.473333333333336,0,1,2,0
20240321,0.2,36.94,20.34,52.61,1.1,10.6583,77.0094,Coconut,22.0,52.0,1.38,Vegetative_Young,0.3099999999999982,37.43,49.10333333333333,0,1,2,0
20240322,0.02,36.94,22.68,52.57,1.0,10.6583,77.0094,Coconut,22.0,52.0,1.38,Vegetative_Young,0.32999999999999824,37.23333333333333,50.60999999999999,0,1,2,0
20240323,0.86,37.26,22.96,54.27,1.03,10.6583,77.0094,Coconut,22.0,52.0,1.38,Inflorescence_Button,1.0799999999999983,37.04666666666667,53.15,0,2,2,0
20240324,0.98,37.29,22.46,48.87,1.37,10.6583,77.0094,Coconut,22.0,52.0,1.38,Vegetative_Young,1.859999999999998,37.16333333333333,51.903333333333336,0,1,2,0
20240325,0.01,37.27,20.3,43.82,1.5,10.6583,77.0094,Coconut,22.0,52.0,1.38,Nut_Maturity,1.849999999999998,37.27333333333333,48.98666666666667,0,1,2,0
20240326,0.35,37.58,21.43,38.63,1.21,10.6583,77.0094,Coconut,22.0,52.0,1.38,Nut_Maturity,1.339999999999998,37.38,43.77333333333333,0,1,2,0
20240327,0.0,37.88,22.72,42.24,0.92,10.6583,77.0094,Coconut,22.0,52.0,1.38,Vegetative_Young,0.3599999999999982,37.57666666666666,41.56333333333333,0,1,2,0
20240328,0.71,38.74,22.26,48.78,0.88,10.6583,77.0094,Coconut,22.0,52.0,1.38,Inflorescence_Button,1.0599999999999983,38.06666666666667,43.21666666666667,0,2,2,0
20240329,1.31,37.79,24.14,55.78,0.91,10.6583,77.0094,Coconut,22.0,52.0,1.38,Inflorescence_Button,2.0199999999999982,38.13666666666666,48.93333333333334,0,2,1,0
20240330,0.0,38.38,23.25,54.35,0.98,10.6583,77.0094,Coconut,22.0,52.0,1.38,Vegetative_Young,2.0199999999999982,38.303333333333335,52.97,0,2,1,0
20240331,0.0,37.94,24.32,54.13,0.54,10.6583,77.0094,Coconut,22.0,52.0,1.38,Vegetative_Young,1.3099999999999983,38.03666666666667,54.75333333333333,0,2,2,0
20240401,0.0,38.17,23.53,56.73,0.98,10.6583,77.0094,Coconut,22.0,52.0,1.38,Vegetative_Young,0.0,38.163333333333334,55.07,0,2,2,0
20240402,0.42,38.16,24.18,59.53,1.09,10.6583,77.0094,Coconut,22.0,52.0,1.38,Vegetative_Young,0.4199999999999982,38.089999999999996,56.796666666666674,0,2,2,0
20240403,0.64,38.47,24.29,59.39,1.02,10.6583,77.0094,Coconut,22.0,52.0,1.38,Nut_Maturity,1.0599999999999983,38.266666666666666,58.550000000000004,0,2,2,0
20240404,0.77,38.61,24.73,57.41,0.94,10.6583,77.0094,Coconut,22.0,52.0,1.38,Inflorescence_Button,1.8299999999999983,38.413333333333334,58.77666666666667,0,2,2,0
20240405,1.22,39.26,24.38,59.14,0.91,10.6583,77.0094,Coconut,22.0,52.0,1.38,Inflorescence_Button,2.629999999999998,38.78,58.64666666666667,0,2,1,0
20240406,0.0,37.47,24.9,56.14,0.81,10.6583,77.0094,Coconut,22.0,52.0,1.38,Nut_Maturity,1.989999999999998,38.446666666666665,57.56333333333333,0,2,2,0
20240407,0.0,39.07,24.72,57.08,1.0,10.6583,77.0094,Coconut,22.0,52.0,1.38,Inflorescence_Button,1.219999999999998,38.6,57.453333333333326,0,2,2,0
20240408,0.37,39.88,25.18,54.39,0.72,10.6583,77.0094,Coconut,22.0,52.0,1.38,Inflorescence_Button,0.369999999999998,38.806666666666665,55.870000000000005,0,2,2,0
20240409,0.46,38.94,24.11,50.42,1.14,10.6583,77.0094,Coconut,22.0,52.0,1.38,Nut_Maturity,0.8299999999999981,39.29666666666666,53.96333333333333,0,2,2,0
20240410,1.39,38.42,23.33,49.57,1.2,10.6583,77.0094,Coconut,22.0,52.0,1.38,Nut_Maturity,2.219999999999998,39.080000000000005,51.46,0,2,1,0
20240411,5.07,38.49,23.73,56.03,0.95,10.6583,77.0094,Coconut,22.0,52.0,1.38,Nut_Maturity,6.919999999999998,38.61666666666667,52.00666666666666,0,2,0,0
20240412,11.7,35.46,23.74,69.01,1.05,10.6583,77.0094,Coconut,22.0,52.0,1.38,Nut_Maturity,18.159999999999997,37.45666666666667,58.20333333333334,0,1,0,0
20240413,2.61,35.25,22.43,68.15,0.95,10.6583,77.0094,Coconut,22.0,52.0,1.38,Vegetative_Young,19.379999999999995,36.400000000000006,64.39666666666666,0,1,0,0
20240414,1.16,36.3,22.66,62.56,1.16,10.6583,77.0094,Coconut,22.0,52.0,1.38,Nut_Maturity,15.469999999999995,35.669999999999995,66.57333333333334,0,1,0,0
20240415,0.0,37.33,21.72,57.67,1.29,10.6583,77.0094,Coconut,22.0,52.0,1.38,Inflorescence_Button,3.769999999999996,36.29333333333333,62.793333333333344,0,2,1,0
20240416,0.0,38.07,22.86,57.47,1.03,10.6583,77.0094,Coconut,22.0,52.0,1.38,Inflorescence_Button,1.1599999999999964,37.23333333333333,59.23333333333333,0,2,2,0
20240417,0.0,36.42,25.28,68.16,1.37,10.6583,77.0094,Coconut,22.0,52.0,1.38,Vegetative_Young,0.0,37.27333333333333,61.1,0,1,2,0
20240418,0.0,34.08,25.27,72.32,1.66,10.6583,77.0094,Coconut,22.0,52.0,1.38,Inflorescence_Button,0.0,36.190000000000005,65.98333333333333,0,2,2,0
20240419,0.0,33.25,24.85,71.85,1.6,10.6583,77.0094,Coconut,22.0,52.0,1.38,Vegetative_Young,0.0,34.583333333333336,70.77666666666666,0,0,2,0
20240420,0.02,36.63,24.74,63.77,1.26,10.6583,77.0094,Coconut,22.0,52.0,1.38,Inflorescence_Button,0.019999999999996448,34.653333333333336,69.31333333333333,0,0,2,0
20240421,1.04,38.23,24.18,60.9,0.77,10.6583,77.0094,Coconut,22.0,52.0,1.38,Nut_Maturity,1.0599999999999965,36.03666666666667,65.50666666666666,0,1,2,0
20240422,1.58,35.46,25.09,67.9,1.22,10.6583,77.0094,Coconut,22.0,52.0,1.38,Vegetative_Young,2.6399999999999966,36.77333333333333,64.19,0,1,1,0
20240423,0.38,36.59,24.83,62.11,0.83,10.6583,77.0094,Coconut,22.0,52.0,1.38,Inflorescence_Button,2.9999999999999964,36.76,63.63666666666666,0,2,1,0
20240424,0.31,36.61,25.0,59.56,0.73,10.6583,77.0094,Coconut,22.0,52.0,1.38,Inflorescence_Button,2.2699999999999965,36.22,63.19,0,2,1,0
20240425,0.24,38.38,23.67,57.34,0.99,10.6583,77.0094,Coconut,22.0,52.0,1.38,Inflorescence_Button,0.9299999999999964,37.193333333333335,59.669999999999995,0,2,2,0
20240426,0.0,39.2,24.81,56.32,0.94,10.6583,77.0094,Coconut,22.0,52.0,1.38,Nut_Maturity,0.5499999999999965,38.06333333333334,57.74,0,2,2,0
20240427,0.0,39.63,25.44,54.54,0.9,10.6583,77.0094,Coconut,22.0,52.0,1.38,Vegetative_Young,0.23999999999999644,39.07,56.06666666666666,0,2,2,0
20240428,0.01,40.14,24.64,52.06,0.79,10.6583,77.0094,Coconut,22.0,52.0,1.38,Inflorescence_Button,0.009999999999996447,39.656666666666666,54.30666666666667,0,2,2,0
20240429,0.02,40.32,24.96,51.37,0.82,10.6583,77.0094,Coconut,22.0,52.0,1.38,Vegetative_Young,0.029999999999996446,40.03,52.656666666666666,0,2,2,0
20240430,0.72,39.36,25.08,60.94,1.62,10.6583,77.0094,Coconut,22.0,52.0,1.38,Vegetative_Young,0.7499999999999964,39.940000000000005,54.79,0,2,2,0
20240501,0.55,38.84,24.91,66.11,1.93,10.6583,77.0094,Coconut,22.0,52.0,1.38,Nut_Maturity,1.2899999999999965,39.50666666666667,59.47333333333333,0,2,2,0
20240502,0.0,38.99,25.7,62.04,1.76,10.6583,77.0094,Coconut,22.0,52.0,1.38,Nut_Maturity,1.2699999999999965,39.06333333333333,63.029999999999994,0,2,2,0
20240503,0.04,35.41,26.36,68.55,2.17,10.6583,77.0094,Coconut,22.0,52.0,1.38,Nut_Maturity,0.5899999999999965,37.74666666666667,65.56666666666666,0,1,2,0
20240504,0.79,37.32,24.96,59.63,1.91,10.6583,77.0094,Coconut,22.0,52.0,1.38,Nut_Maturity,0.8299999999999965,37.24,63.406666666666666,0,1,2,0
20240505,2.09,37.05,23.46,63.19,2.01,10.6583,77.0094,Coconut,22.0,52.0,1.38,Vegetative_Young,2.9199999999999964,36.59333333333333,63.79,0,1,1,0
20240506,0.23,37.95,23.87,60.17,2.16,10.6583,77.0094,Coconut,22.0,52.0,1.38,Vegetative_Young,3.1099999999999963,37.440000000000005,60.99666666666667,0,1,1,0
20240507,0.85,38.44,24.55,59.96,1.69,10.6583,77.0094,Coconut,22.0,52.0,1.38,Inflorescence_Button,3.1699999999999964,37.81333333333333,61.10666666666666,0,2,1,0
20240508,1.66,36.77,24.75,62.49,0.88,10.6583,77.0094,Coconut,22.0,52.0,1.38,Vegetative_Young,2.739999999999996,37.72,60.873333333333335,0,1,1,0
20240509,10.52,33.7,24.56,72.5,0.92,10.6583,77.0094,Coconut,22.0,52.0,1.38,Inflorescence_Button,13.029999999999996,36.303333333333335,64.98333333333333,0,2,0,0
20240510,8.98,30.86,24.31,78.61,0.56,10.6583,77.0094,Coconut,22.0,52.0,1.38,Inflorescence_Button,21.159999999999997,33.77666666666667,71.2,0,0,0,0
20240511,5.43,33.46,23.57,75.84,0.47,10.6583,77.0094,Coconut,22.0,52.0,1.38,Inflorescence_Button,24.929999999999996,32.67333333333333,75.64999999999999,0,0,0,0
20240512,6.03,31.38,24.16,79.79,0.61,10.6583,77.0094,Coconut,22.0,52.0,1.38,Inflorescence_Button,20.439999999999998,31.899999999999995,78.08,0,0,0,0
20240513,6.15,31.22,24.1,80.0,0.56,10.6583,77.0094,Coconut,22.0,52.0,1.38,Inflorescence_Button,17.609999999999996,32.02,78.54333333333334,0,0,0,0
20240514,4.63,33.48,23.17,74.49,0.48,10.6583,77.0094,Coconut,22.0,52.0,1.38,Inflorescence_Button,16.809999999999995,32.026666666666664,78.09333333333335,0,0,0,0
20240515,8.35,34.47,23.24,73.42,0.6,10.6583,77.0094,Coconut,22.0,52.0,1.38,Nut_Maturity,19.129999999999995,33.056666666666665,75.97,0,0,0,0
20240516,7.41,30.98,24.08,78.32,0.61,10.6583,77.0094,Coconut,22.0,52.0,1.38,Nut_Maturity,20.389999999999997,32.97666666666667,75.41,0,0,0,0
20240517,25.98,33.37,22.68,76.2,0.52,10.6583,77.0094,Coconut,22.0,52.0,1.38,Nut_Maturity,41.739999999999995,32.94,75.98,0,0,0,0
20240518,20.28,30.48,23.83,85.2,0.94,10.6583,77.0094,Coconut,22.0,52.0,1.38,Vegetative_Young,53.67,31.61,79.90666666666667,1,0,0,0
20240519,15.47,29.2,23.09,86.12,2.05,10.6583,77.0094,Coconut,22.0,52.0,1.38,Nut_Maturity,61.730000000000004,31.016666666666662,82.50666666666667,1,0,0,2
20240520,25.34,25.81,23.06,92.39,1.32,10.6583,77.0094,Coconut,22.0,52.0,1.38,Inflorescence_Button,61.089999999999996,28.496666666666666,87.90333333333332,1,0,0,2
20240521,19.72,29.33,22.9,84.22,0.69,10.6583,77.0094,Coconut,22.0,52.0,1.38,Vegetative_Young,60.529999999999994,28.11333333333333,87.57666666666667,1,0,0,2
20240522,33.42,27.86,22.67,92.64,1.12,10.6583,77.0094,Coconut,22.0,52.0,1.38,Vegetative_Young,78.47999999999999,27.666666666666668,89.75,1,0,0,2
20240523,14.86,26.63,23.9,94.55,1.27,10.6583,77.0094,Coconut,22.0,52.0,1.38,Nut_Maturity,68.0,27.939999999999998,90.47000000000001,1,0,0,2
20240524,15.42,28.23,23.34,90.67,1.67,10.6583,77.0094,Coconut,22.0,52.0,1.38,Vegetative_Young,63.699999999999996,27.573333333333334,92.62,1,0,0,2
20240525,10.61,27.11,22.79,89.64,1.73,10.6583,77.0094,Coconut,22.0,52.0,1.38,Nut_Maturity,40.88999999999999,27.323333333333334,91.62,0,0,0,2
20240526,4.03,27.79,22.03,89.32,2.13,10.6583,77.0094,Coconut,22.0,52.0,1.38,Inflorescence_Button,30.05999999999999,27.709999999999997,89.87666666666667,0,0,0,2
20240527,5.29,28.55,22.57,87.8,2.34,10.6583,77.0094,Coconut,22.0,52.0,1.38,Inflorescence_Button,19.929999999999993,27.816666666666663,88.92,0,0,0,1
20240528,16.98,26.47,23.07,92.78,2.23,10.6583,77.0094,Coconut,22.0,52.0,1.38,Inflorescence_Button,26.299999999999994,27.603333333333335,89.96666666666665,0,0,0,2
20240529,29.35,28.06,23.11,89.2,2.11,10.6583,77.0094,Coconut,22.0,52.0,1.38,Vegetative_Young,51.61999999999999,27.69333333333333,89.92666666666668,1,0,0,2
20240530,8.14,29.09,22.92,90.0,1.92,10.6583,77.0094,Coconut,22.0,52.0,1.38,Inflorescence_Button,54.47,27.873333333333335,90.66000000000001,1,0,0,2
20240531,9.11,28.17,23.06,91.33,1.61,10.6583,77.0094,Coconut,22.0,52.0,1.38,Nut_Maturity,46.599999999999994,28.439999999999998,90.17666666666666,1,0,0,2
20240601,8.73,28.19,23.71,92.44,1.77,10.6583,77.0094,Coconut,22.0,52.0,1.38,Inflorescence_Button,25.979999999999993,28.483333333333334,91.25666666666666,0,0,0,2
20240602,10.14,28.09,22.86,88.87,0.82,10.6583,77.0094,Coconut,22.0,52.0,1.38,Nut_Maturity,27.979999999999993,28.150000000000002,90.88,0,0,0,2
20240603,7.86,28.7,22.92,88.7,1.23,10.6583,77.0094,Coconut,22.0,52.0,1.38,Nut_Maturity,26.729999999999993,28.326666666666668,90.00333333333333,0,0,0,2
20240604,1.96,28.78,22.65,89.01,1.49,10.6583,77.0094,Coconut,22.0,52.0,1.38,Nut_Maturity,19.959999999999994,28.523333333333337,88.86000000000001,0,0,0,1
20240605,5.1,27.35,22.93,91.74,1.37,10.6583,77.0094,Coconut,22.0,52.0,1.38,Inflorescence_Button,14.919999999999993,28.276666666666667,89.81666666666666,0,0,0,1
20240606,23.29,26.9,22.03,90.31,1.4,10.6583,77.0094,Coconut,22.0,52.0,1.38,Nut_Maturity,30.34999999999999,27.676666666666666,90.35333333333334,0,0,0,2
20240607,6.19,28.23,21.35,88.78,1.53,10.6583,77.0094,Coconut,22.0,52.0,1.38,Nut_Maturity,34.57999999999999,27.49333333333333,90.27666666666666,0,0,0,2
20240608,8.05,27.28,22.11,90.69,2.16,10.6583,77.0094,Coconut,22.0,52.0,1.38,Nut_Maturity,37.529999999999994,27.47,89.92666666666666,0,0,0,2
20240609,5.12,27.17,22.73,90.19,2.24,10.6583,77.0094,Coconut,22.0,52.0,1.38,Vegetative_Young,19.359999999999996,27.560000000000002,89.88666666666666,0,0,0,1
20240610,3.09,27.6,21.97,88.95,2.28,10.6583,77.0094,Coconut,22.0,52.0,1.38,Nut_Maturity,16.259999999999994,27.350000000000005,89.94333333333334,0,0,0,1
20240611,4.58,26.55,21.18,89.04,1.93,10.6583,77.0094,Coconut,22.0,52.0,1.38,Nut_Maturity,12.789999999999992,27.10666666666667,89.39333333333333,0,0,0,1
20240612,7.61,27.1,21.38,86.82,1.86,10.6583,77.0094,Coconut,22.0,52.0,1.38,Vegetative_Young,15.279999999999994,27.083333333333332,88.27,0,0,0,1
20240613,2.04,28.89,20.74,84.23,1.65,10.6583,77.0094,Coconut,22.0,52.0,1.38,Inflorescence_Button,14.229999999999993,27.513333333333335,86.69666666666667,0,0,0,1
20240614,0.28,29.21,20.94,87.14,1.56,10.6583,77.0094,Coconut,22.0,52.0,1.38,Vegetative_Young,9.929999999999993,28.400000000000002,86.06333333333333,0,0,0,1
20240615,1.27,28.8,22.22,88.28,1.81,10.6583,77.0094,Coconut,22.0,52.0,1.38,Vegetative_Young,3.5899999999999928,28.96666666666667,86.55,0,0,0,1
20240616,1.64,28.7,22.28,89.09,1.6,10.6583,77.0094,Coconut,22.0,52.0,1.38,Nut_Maturity,3.189999999999993,28.903333333333332,88.17,0,0,0,1
20240617,2.84,28.41,21.57,87.24,1.53,10.6583,77.0094,Coconut,22.0,52.0,1.38,Vegetative_Young,5.749999999999993,28.636666666666667,88.20333333333333,0,0,0,1
20240618,15.34,27.74,21.43,89.4,1.74,10.6583,77.0094,Coconut,22.0,52.0,1.38,Vegetative_Young,19.819999999999993,28.28333333333333,88.57666666666667,0,0,0,1
20240619,10.74,27.8,22.08,88.27,2.05,10.6583,77.0094,Coconut,22.0,52.0,1.38,Nut_Maturity,28.919999999999995,27.98333333333333,88.30333333333334,0,0,0,2
20240620,4.4,27.48,21.17,87.72,2.27,10.6583,77.0094,Coconut,22.0,52.0,1.38,Nut_Maturity,30.479999999999993,27.673333333333332,88.46333333333332,0,0,0,2
20240621,2.69,27.55,21.14,85.97,1.98,10.6583,77.0094,Coconut,22.0,52.0,1.38,Nut_Maturity,17.829999999999995,27.610000000000003,87.32,0,0,0,1
20240622,4.1,26.16,21.24,89.0,2.01,10.6583,77.0094,Coconut,22.0,52.0,1.38,Nut_Maturity,11.189999999999992,27.063333333333333,87.56333333333333,0,0,0,1
20240623,9.83,25.78,21.41,89.36,2.47,10.6583,77.0094,Coconut,22.0,52.0,1.38,Vegetative_Young,16.61999999999999,26.496666666666666,88.11,0,0,0,1
20240624,15.53,25.2,21.42,90.72,2.64,10.6583,77.0094,Coconut,22.0,52.0,1.38,Vegetative_Young,29.459999999999994,25.713333333333335,89.69333333333334,0,0,0,2
20240625,19.01,26.36,21.43,86.8,3.02,10.6583,77.0094,Coconut,22.0,52.0,1.38,Inflorescence_Button,44.36999999999999,25.78,88.96,0,0,0,2
20240626,15.98,26.14,21.39,89.61,2.92,10.6583,77.0094,Coconut,22.0,52.0,1.38,Nut_Maturity,50.519999999999996,25.900000000000002,89.04333333333334,1,0,0,2
20240627,5.92,25.77,21.3,88.27,2.21,10.6583,77.0094,Coconut,22.0,52.0,1.38,Nut_Maturity,40.90999999999999,26.09,88.22666666666667,0,0,0,2
20240628,3.24,27.6,21.36,88.56,1.87,10.6583,77.0094,Coconut,22.0,52.0,1.38,Vegetative_Young,25.139999999999993,26.503333333333334,88.81333333333333,0,0,0,2
20240629,7.38,26.77,21.54,90.9,1.77,10.6583,77.0094,Coconut,22.0,52.0,1.38,Inflorescence_Button,16.539999999999992,26.713333333333335,89.24333333333334,0,0,0,1
20240630,3.0,26.6,20.88,91.11,1.37,10.6583,77.0094,Coconut,22.0,52.0,1.38,Inflorescence_Button,13.619999999999994,26.99,90.19000000000001,0,0,0,1
20240701,34.62,26.1,21.06,90.86,1.62,10.6583,77.0094,Coconut,22.0,52.0,1.38,Inflorescence_Button,44.99999999999999,26.49,90.95666666666666,0,0,0,2
20240702,5.16,27.5,20.14,85.91,1.43,10.6583,77.0094,Coconut,22.0,52.0,1.38,Nut_Maturity,42.77999999999999,26.733333333333334,89.29333333333334,0,0,0,2
20240703,4.3,27.74,21.03,89.87,1.7,10.6583,77.0094,Coconut,22.0,52.0,1.38,Inflorescence_Button,44.07999999999999,27.113333333333333,88.88,0,0,0,2
20240704,1.37,27.4,21.34,86.94,1.72,10.6583,77.0094,Coconut,22.0,52.0,1.38,Vegetative_Young,10.829999999999993,27.546666666666667,87.57333333333332,0,0,0,1
20240705,2.16,26.89,21.29,88.64,1.81,10.6583,77.0094,Coconut,22.0,52.0,1.38,Inflorescence_Button,7.829999999999993,27.343333333333334,88.48333333333335,0,0,0,1
20240706,5.7,25.21,21.04,90.88,1.92,10.6583,77.0094,Coconut,22.0,52.0,1.38,Inflorescence_Button,9.229999999999993,26.5,88.82000000000001,0,0,0,1
20240707,3.54,26.72,21.55,89.43,2.09,10.6583,77.0094,Coconut,22.0,52.0,1.38,Nut_Maturity,11.399999999999993,26.27333333333333,89.65000000000002,0,0,0,1
20240708,6.55,24.97,21.22,92.2,2.4,10.6583,77.0094,Coconut,22.0,52.0,1.38,Nut_Maturity,15.789999999999992,25.63333333333333,90.83666666666666,0,0,0,1
20240709,2.81,25.51,20.7,91.49,2.13,10.6583,77.0094,Coconut,22.0,52.0,1.38,Vegetative_Young,12.899999999999993,25.733333333333334,91.04,0,0,0,1
20240710,8.02,26.18,21.21,91.31,1.96,10.6583,77.0094,Coconut,22.0,52.0,1.38,Inflorescence_Button,17.379999999999992,25.55333333333333,91.66666666666667,0,0,0,1
20240711,3.5,26.61,20.81,86.77,1.47,10.6583,77.0094,Coconut,22.0,52.0,1.38,Vegetative_Young,14.329999999999991,26.100000000000005,89.85666666666667,0,0,0,1
20240712,12.14,27.56,20.8,89.0,1.97,10.6583,77.0094,Coconut,22.0,52.0,1.38,Vegetative_Young,23.659999999999993,26.78333333333333,89.02666666666666,0,0,0,1
20240713,13.4,25.71,21.1,91.04,2.2,10.6583,77.0094,Coconut,22.0,52.0,1.38,Inflorescence_Button,29.039999999999992,26.626666666666665,88.93666666666667,0,0,0,2
20240714,11.29,27.14,21.0,88.82,2.6,10.6583,77.0094,Coconut,22.0,52.0,1.38,Nut_Maturity,36.82999999999999,26.80333333333333,89.62,0,0,0,2
20240715,37.54,24.03,22.36,93.07,3.65,10.6583,77.0094,Coconut,22.0,52.0,1.38,Vegetative_Young,62.22999999999999,25.626666666666665,90.97666666666667,1,0,0,2
20240716,16.93,25.15,21.19,92.27,3.39,10.6583,77.0094,Coconut,22.0,52.0,1.38,Inflorescence_Button,65.75999999999999,25.44,91.38666666666666,1,0,0,2
20240717,21.66,25.69,21.84,91.56,3.02,10.6583,77.0094,Coconut,22.0,52.0,1.38,Nut_Maturity,76.13,24.956666666666667,92.3,1,0,0,2
20240718,9.67,24.95,22.12,91.89,3.24,10.6583,77.0094,Coconut,22.0,52.0,1.38,Inflorescence_Button,48.25999999999999,25.263333333333335,91.90666666666668,1,0,0,2
20240719,6.9,25.77,21.73,92.21,3.04,10.6583,77.0094,Coconut,22.0,52.0,1.38,Inflorescence_Button,38.22999999999999,25.47,91.88666666666667,0,0,0,2
20240720,2.88,25.91,22.21,91.51,2.74,10.6583,77.0094,Coconut,22.0,52.0,1.38,Nut_Maturity,19.449999999999992,25.543333333333333,91.87,0,0,0,1
20240721,0.53,26.47,21.75,90.94,2.82,10.6583,77.0094,Coconut,22.0,52.0,1.38,Nut_Maturity,10.309999999999993,26.049999999999997,91.55333333333333,0,0,0,1
20240722,2.62,26.11,21.57,90.04,2.49,10.6583,77.0094,Coconut,22.0,52.0,1.38,Nut_Maturity,6.029999999999993,26.16333333333333,90.83,0,0,0,1
20240723,3.18,26.63,21.28,89.49,2.24,10.6583,77.0094,Coconut,22.0,52.0,1.38,Nut_Maturity,6.329999999999993,26.403333333333336,90.15666666666668,0,0,0,1
20240724,6.39,26.79,21.38,88.8,2.49,10.6583,77.0094,Coconut,22.0,52.0,1.38,Vegetative_Young,12.189999999999994,26.51,89.44333333333333,0,0,0,1
20240725,13.34,26.43,21.46,88.81,3.01,10.6583,77.0094,Coconut,22.0,52.0,1.38,Inflorescence_Button,22.909999999999993,26.616666666666664,89.03333333333332,0,0,0,1
20240726,7.41,25.14,22.31,91.9,3.2,10.6583,77.0094,Coconut,22.0,52.0,1.38,Vegetative_Young,27.139999999999993,26.12,89.83666666666666,0,0,0,2
20240727,4.13,25.83,21.32,91.36,2.6,10.6583,77.0094,Coconut,22.0,52.0,1.38,Nut_Maturity,24.879999999999992,25.8,90.69,0,0,0,1
20240728,8.98,26.68,20.91,90.38,2.85,10.6583,77.0094,Coconut,22.0,52.0,1.38,Nut_Maturity,20.519999999999996,25.883333333333336,91.21333333333332,0,0,0,1
20240729,43.2,25.77,22.24,91.85,3.12,10.6583,77.0094,Coconut,22.0,52.0,1.38,Inflorescence_Button,56.31,26.093333333333334,91.19666666666667,1,0,0,2
20240730,13.15,25.28,21.61,92.35,2.21,10.6583,77.0094,Coconut,22.0,52.0,1.38,Vegetative_Young,65.33,25.91,91.52666666666666,1,0,0,2
20240731,8.63,26.2,21.83,93.2,1.96,10.6583,77.0094,Coconut,22.0,52.0,1.38,Vegetative_Young,64.98,25.75,92.46666666666665,1,0,0,2
20240801,12.32,27.05,22.18,91.73,2.17,10.6583,77.0094,Coconut,22.0,52.0,1.38,Nut_Maturity,34.1,26.176666666666666,92.42666666666666,0,0,0,2
20240802,2.72,25.23,21.3,92.4,2.09,10.6583,77.0094,Coconut,22.0,52.0,1.38,Inflorescence_Button,23.67,26.16,92.44333333333334,0,0,0,1
20240803,4.2,26.6,20.85,90.28,1.63,10.6583,77.0094,Coconut,22.0,52.0,1.38,Nut_Maturity,19.240000000000002,26.293333333333333,91.47000000000001,0,0,0,1
20240804,8.75,26.46,21.16,90.99,1.56,10.6583,77.0094,Coconut,22.0,52.0,1.38,Vegetative_Young,15.67,26.096666666666668,91.22333333333334,0,0,0,1
20240805,4.68,26.71,20.69,91.24,1.4,10.6583,77.0094,Coconut,22.0,52.0,1.38,Vegetative_Young,17.63,26.590000000000003,90.83666666666666,0,0,0,1
20240806,10.76,26.83,21.69,89.94,1.54,10.6583,77.0094,Coconut,22.0,52.0,1.38,Nut_Maturity,24.189999999999998,26.666666666666668,90.72333333333331,0,0,0,1
20240807,6.79,25.59,21.44,93.13,1.59,10.6583,77.0094,Coconut,22.0,52.0,1.38,Vegetative_Young,22.23,26.376666666666665,91.43666666666665,0,0,0,1
20240808,3.54,25.74,21.16,92.84,1.83,10.6583,77.0094,Coconut,22.0,52.0,1.38,Inflorescence_Button,21.09,26.05333333333333,91.96999999999998,0,0,0,1
20240809,3.55,26.93,21.2,91.51,1.6,10.6583,77.0094,Coconut,22.0,52.0,1.38,Nut_Maturity,13.879999999999999,26.086666666666662,92.49333333333334,0,0,0,1
20240810,10.6,25.55,22.02,93.64,1.51,10.6583,77.0094,Coconut,22.0,52.0,1.38,Inflorescence_Button,17.69,26.073333333333334,92.66333333333334,0,0,0,1
20240811,8.11,27.52,21.64,91.21,0.87,10.6583,77.0094,Coconut,22.0,52.0,1.38,Nut_Maturity,22.26,26.666666666666668,92.12,0,0,0,1
20240812,11.17,28.23,23.17,89.67,0.77,10.6583,77.0094,Coconut,22.0,52.0,1.38,Vegetative_Young,29.880000000000003,27.099999999999998,91.50666666666666,0,0,0,2
20240813,38.79,29.36,22.5,85.73,0.58,10.6583,77.0094,Coconut,22.0,52.0,1.38,Inflorescence_Button,58.07,28.37,88.87,1,0,0,2
20240814,21.78,27.95,22.82,88.54,0.47,10.6583,77.0094,Coconut,22.0,52.0,1.38,Inflorescence_Button,71.74000000000001,28.513333333333332,87.98000000000002,1,0,0,2
20240815,16.89,29.11,22.25,89.64,0.86,10.6583,77.0094,Coconut,22.0,52.0,1.38,Vegetative_Young,77.46000000000001,28.80666666666666,87.97000000000001,1,0,0,2
20240816,9.36,27.95,23.21,92.52,0.52,10.6583,77.0094,Coconut,22.0,52.0,1.38,Nut_Maturity,48.03000000000001,28.336666666666662,90.23333333333333,1,0,0,2
20240817,5.4,26.97,22.54,93.0,1.94,10.6583,77.0094,Coconut,22.0,52.0,1.38,Vegetative_Young,31.650000000000006,28.01,91.71999999999998,0,0,0,2
20240818,9.91,27.46,22.13,90.01,0.57,10.6583,77.0094,Coconut,22.0,52.0,1.38,Inflorescence_Button,24.67000000000001,27.459999999999997,91.84333333333335,0,0,0,1
20240819,4.7,27.56,22.72,91.94,1.24,10.6583,77.0094,Coconut,22.0,52.0,1.38,Nut_Maturity,20.01000000000001,27.33,91.64999999999999,0,0,0,1
20240820,11.23,27.29,21.99,90.86,1.08,10.6583,77.0094,Coconut,22.0,52.0,1.38,Nut_Maturity,25.84000000000001,27.436666666666667,90.93666666666667,0,0,0,2
20240821,7.43,25.47,21.37,91.99,2.09,10.6583,77.0094,Coconut,22.0,52.0,1.38,Nut_Maturity,23.360000000000007,26.77333333333333,91.59666666666668,0,0,0,1
20240822,0.53,26.41,21.06,90.77,1.97,10.6583,77.0094,Coconut,22.0,52.0,1.38,Vegetative_Young,19.19000000000001,26.39,91.20666666666666,0,0,0,1
20240823,0.01,28.24,20.39,89.18,1.58,10.6583,77.0094,Coconut,22.0,52.0,1.38,Inflorescence_Button,7.970000000000009,26.706666666666667,90.64666666666666,0,0,0,1
20240824,0.66,27.0,21.17,90.78,1.95,10.6583,77.0094,Coconut,22.0,52.0,1.38,Vegetative_Young,1.200000000000009,27.21666666666667,90.24333333333334,0,0,0,1
20240825,0.95,26.74,21.62,90.52,2.33,10.6583,77.0094,Coconut,22.0,52.0,1.38,Vegetative_Young,1.620000000000009,27.326666666666668,90.16000000000001,0,0,0,1
20240826,1.73,26.66,21.53,90.4,2.45,10.6583,77.0094,Coconut,22.0,52.0,1.38,Vegetative_Young,3.3400000000000087,26.8,90.56666666666666,0,0,0,1
20240827,2.12,27.02,21.71,90.71,2.14,10.6583,77.0094,Coconut,22.0,52.0,1.38,Inflorescence_Button,4.800000000000009,26.80666666666667,90.54333333333334,0,0,0,1
20240828,2.9,26.29,21.7,91.04,1.75,10.6583,77.0094,Coconut,22.0,52.0,1.38,Vegetative_Young,6.750000000000009,26.656666666666666,90.71666666666668,0,0,0,1
20240829,11.43,26.93,21.5,90.9,2.19,10.6583,77.0094,Coconut,22.0,52.0,1.38,Vegetative_Young,16.45000000000001,26.746666666666666,90.88333333333333,0,0,0,1
20240830,12.39,25.78,22.15,94.05,2.04,10.6583,77.0094,Coconut,22.0,52.0,1.38,Inflorescence_Button,26.72000000000001,26.333333333333332,91.99666666666667,0,0,0,2
20240831,7.66,25.57,21.97,92.88,2.06,10.6583,77.0094,Coconut,22.0,52.0,1.38,Vegetative_Young,31.480000000000008,26.093333333333334,92.61,0,0,0,2
20240901,4.1,25.67,21.95,91.77,1.93,10.6583,77.0094,Coconut,22.0,52.0,1.38,Inflorescence_Button,24.150000000000013,25.673333333333336,92.89999999999999,0,0,0,1
20240902,7.04,25.48,21.34,91.73,2.02,10.6583,77.0094,Coconut,22.0,52.0,1.38,Vegetative_Young,18.800000000000008,25.573333333333334,92.12666666666667,0,0,0,1
20240903,4.07,26.68,22.02,91.72,2.02,10.6583,77.0094,Coconut,22.0,52.0,1.38,Nut_Maturity,15.210000000000008,25.94333333333333,91.74000000000001,0,0,0,1
20240904,5.66,27.12,22.1,91.36,1.99,10.6583,77.0094,Coconut,22.0,52.0,1.38,Vegetative_Young,16.77000000000001,26.426666666666666,91.60333333333334,0,0,0,1
20240905,2.83,27.68,21.71,90.69,1.83,10.6583,77.0094,Coconut,22.0,52.0,1.38,Nut_Maturity,12.56000000000001,27.16,91.25666666666666,0,0,0,1
20240906,2.06,26.75,21.99,92.57,1.74,10.6583,77.0094,Coconut,22.0,52.0,1.38,Vegetative_Young,10.55000000000001,27.183333333333334,91.54,0,0,0,1
20240907,3.98,27.49,21.64,91.18,1.76,10.6583,77.0094,Coconut,22.0,52.0,1.38,Inflorescence_Button,8.870000000000008,27.30666666666666,91.48,0,0,0,1
20240908,7.4,26.52,21.97,91.11,2.01,10.6583,77.0094,Coconut,22.0,52.0,1.38,Vegetative_Young,13.440000000000008,26.92,91.62,0,0,0,1
20240909,5.69,25.84,21.91,92.79,2.15,10.6583,77.0094,Coconut,22.0,52.0,1.38,Vegetative_Young,17.070000000000007,26.616666666666664,91.69333333333333,0,0,0,1
20240910,5.67,27.1,22.41,91.29,2.56,10.6583,77.0094,Coconut,22.0,52.0,1.38,Nut_Maturity,18.76000000000001,26.486666666666668,91.73,0,0,0,1
20240911,4.69,26.94,22.49,91.48,2.04,10.6583,77.0094,Coconut,22.0,52.0,1.38,Inflorescence_Button,16.05000000000001,26.62666666666667,91.85333333333334,0,0,0,1
20240912,0.85,26.84,21.43,88.72,1.75,10.6583,77.0094,Coconut,22.0,52.0,1.38,Vegetative_Young,11.21000000000001,26.959999999999997,90.49666666666667,0,0,0,1
20240913,0.09,27.73,21.19,90.09,1.42,10.6583,77.0094,Coconut,22.0,52.0,1.38,Inflorescence_Button,5.63000000000001,27.17,90.09666666666668,0,0,0,1
20240914,0.67,28.19,21.14,89.27,1.61,10.6583,77.0094,Coconut,22.0,52.0,1.38,Inflorescence_Button,1.6100000000000088,27.58666666666667,89.36,0,0,0,1
20240915,0.24,27.43,21.52,89.67,1.65,10.6583,77.0094,Coconut,22.0,52.0,1.38,Nut_Maturity,1.0000000000000089,27.78333333333333,89.67666666666668,0,0,0,1
20240916,0.02,28.28,21.56,88.36,1.59,10.6583,77.0094,Coconut,22.0,52.0,1.38,Nut_Maturity,0.9300000000000089,27.96666666666667,89.09999999999998,0,0,0,1
20240917,0.01,28.51,20.83,88.69,1.79,10.6583,77.0094,Coconut,22.0,52.0,1.38,Inflorescence_Button,0.2700000000000089,28.073333333333334,88.90666666666668,0,0,0,1
20240918,0.0,27.79,20.85,87.97,1.5,10.6583,77.0094,Coconut,22.0,52.0,1.38,Inflorescence_Button,0.03000000000000888,28.19333333333333,88.33999999999999,0,0,0,1
20240919,0.03,26.64,20.64,89.74,1.25,10.6583,77.0094,Coconut,22.0,52.0,1.38,Vegetative_Young,0.040000000000008876,27.646666666666665,88.8,0,0,0,1
20240920,0.1,28.02,20.42,88.44,1.62,10.6583,77.0094,Coconut,22.0,52.0,1.38,Vegetative_Young,0.1300000000000089,27.48333333333333,88.71666666666665,0,0,0,1
20240921,0.73,27.46,21.77,89.06,1.81,10.6583,77.0094,Coconut,22.0,52.0,1.38,Vegetative_Young,0.8600000000000089,27.373333333333335,89.08,0,0,0,1
20240922,5.11,27.75,21.22,89.97,1.69,10.6583,77.0094,Coconut,22.0,52.0,1.38,Nut_Maturity,5.940000000000009,27.743333333333336,89.15666666666665,0,0,0,1
20240923,3.87,27.07,20.73,89.35,1.87,10.6583,77.0094,Coconut,22.0,52.0,1.38,Vegetative_Young,9.71000000000001,27.426666666666666,89.46,0,0,0,1
20240924,3.52,26.36,21.62,90.97,2.07,10.6583,77.0094,Coconut,22.0,52.0,1.38,Nut_Maturity,12.500000000000009,27.060000000000002,90.09666666666665,0,0,0,1
20240925,1.19,27.68,21.09,87.87,2.12,10.6583,77.0094,Coconut,22.0,52.0,1.38,Nut_Maturity,8.580000000000009,27.036666666666665,89.39666666666666,0,0,0,1
20240926,1.13,27.75,21.11,88.9,1.54,10.6583,77.0094,Coconut,22.0,52.0,1.38,Vegetative_Young,5.840000000000009,27.263333333333332,89.24666666666667,0,0,0,1
20240927,0.49,28.41,20.46,88.17,1.26,10.6583,77.0094,Coconut,22.0,52.0,1.38,Inflorescence_Button,2.8100000000000085,27.94666666666667,88.31333333333335,0,0,0,1
20240928,2.17,29.0,21.37,86.75,0.64,10.6583,77.0094,Coconut,22.0,52.0,1.38,Vegetative_Young,3.7900000000000085,28.386666666666667,87.94000000000001,0,0,0,1
20240929,9.01,28.82,21.56,82.22,0.85,10.6583,77.0094,Coconut,22.0,52.0,1.38,Vegetative_Young,11.670000000000009,28.743333333333336,85.71333333333332,0,0,0,1
20240930,6.08,27.53,21.68,84.91,0.72,10.6583,77.0094,Coconut,22.0,52.0,1.38,Inflorescence_Button,17.26000000000001,28.450000000000003,84.62666666666667,0,0,0,1
20241001,2.07,31.01,21.81,81.41,0.6,10.6583,77.0094,Coconut,22.0,52.0,1.38,Nut_Maturity,17.160000000000007,29.120000000000005,82.84666666666666,0,0,0,1
20241002,2.3,29.86,21.93,86.38,0.81,10.6583,77.0094,Coconut,22.0,52.0,1.38,Inflorescence_Button,10.450000000000008,29.46666666666667,84.23333333333333,0,0,0,1
20241003,0.23,28.24,22.4,89.81,1.23,10.6583,77.0094,Coconut,22.0,52.0,1.38,Nut_Maturity,4.6000000000000085,29.703333333333333,85.86666666666667,0,0,0,1
20241004,7.34,26.81,22.08,91.48,1.1,10.6583,77.0094,Coconut,22.0,52.0,1.38,Vegetative_Young,9.870000000000008,28.30333333333333,89.22333333333334,0,0,0,1
20241005,8.09,26.61,21.52,88.38,0.84,10.6583,77.0094,Coconut,22.0,52.0,1.38,Inflorescence_Button,15.660000000000007,27.22,89.89,0,0,0,1
20241006,10.72,27.6,21.0,88.18,0.61,10.6583,77.0094,Coconut,22.0,52.0,1.38,Vegetative_Young,26.150000000000006,27.00666666666667,89.34666666666668,0,0,0,2
20241007,9.59,28.05,21.14,87.78,0.97,10.6583,77.0094,Coconut,22.0,52.0,1.38,Nut_Maturity,28.400000000000006,27.42,88.11333333333333,0,0,0,2
20241008,9.95,28.6,21.32,85.75,0.52,10.6583,77.0094,Coconut,22.0,52.0,1.38,Nut_Maturity,30.260000000000005,28.083333333333332,87.23666666666666,0,0,0,2
20241009,9.91,28.08,22.26,89.76,0.97,10.6583,77.0094,Coconut,22.0,52.0,1.38,Vegetative_Young,29.45000000000001,28.243333333333336,87.76333333333332,0,0,0,2
20241010,2.42,27.81,21.56,89.61,1.1,10.6583,77.0094,Coconut,22.0,52.0,1.38,Nut_Maturity,22.280000000000005,28.163333333333338,88.37333333333333,0,0,0,1
20241011,23.55,25.79,21.42,91.63,1.02,10.6583,77.0094,Coconut,22.0,52.0,1.38,Nut_Maturity,35.88000000000001,27.226666666666663,90.33333333333333,0,0,0,2
20241012,20.85,26.97,21.24,91.82,0.79,10.6583,77.0094,Coconut,22.0,52.0,1.38,Vegetative_Young,46.82000000000001,26.856666666666666,91.02,1,0,0,2
20241013,33.79,28.19,21.49,89.01,0.29,10.6583,77.0094,Coconut,22.0,52.0,1.38,Inflorescence_Button,78.19,26.983333333333334,90.82,1,0,0,2
20241014,12.36,25.9,21.6,92.7,0.6,10.6583,77.0094,Coconut,22.0,52.0,1.38,Nut_Maturity,67.0,27.02,91.17666666666666,1,0,0,2
20241015,13.67,24.09,18.85,89.82,1.01,10.6583,77.0094,Coconut,22.0,52.0,1.38,Nut_Maturity,59.82000000000001,26.060000000000002,90.50999999999999,1,0,0,2
20241016,3.11,26.03,18.14,90.16,1.53,10.6583,77.0094,Coconut,22.0,52.0,1.38,Vegetative_Young,29.140000000000008,25.340000000000003,90.89333333333333,0,0,0,2
20241017,3.21,27.47,20.69,90.42,1.7,10.6583,77.0094,Coconut,22.0,52.0,1.38,Vegetative_Young,19.990000000000006,25.863333333333333,90.13333333333333,0,0,0,1
20241018,4.47,28.65,20.95,89.07,1.23,10.6583,77.0094,Coconut,22.0,52.0,1.38,Nut_Maturity,10.790000000000006,27.383333333333336,89.88333333333333,0,0,0,1
20241019,3.33,25.67,21.72,92.44,0.67,10.6583,77.0094,Coconut,22.0,52.0,1.38,Inflorescence_Button,11.010000000000007,27.263333333333332,90.64333333333332,0,0,0,1
20241020,11.85,28.41,21.4,86.34,0.4,10.6583,77.0094,Coconut,22.0,52.0,1.38,Vegetative_Young,19.650000000000006,27.576666666666668,89.28333333333335,0,0,0,1
20241021,8.38,28.27,22.43,88.73,0.45,10.6583,77.0094,Coconut,22.0,52.0,1.38,Nut_Maturity,23.56000000000001,27.45,89.17,0,0,0,1
20241022,22.68,28.12,21.74,86.96,0.57,10.6583,77.0094,Coconut,22.0,52.0,1.38,Nut_Maturity,42.91000000000001,28.266666666666666,87.34333333333332,0,0,0,2
20241023,15.55,29.05,22.16,87.85,0.55,10.6583,77.0094,Coconut,22.0,52.0,1.38,Inflorescence_Button,46.610000000000014,28.48,87.84666666666665,1,0,0,2
20241024,7.38,24.1,20.64,90.83,0.95,10.6583,77.0094,Coconut,22.0,52.0,1.38,Nut_Maturity,45.61000000000001,27.090000000000003,88.54666666666667,1,0,0,2
20241025,11.05,28.62,20.16,87.79,0.74,10.6583,77.0094,Coconut,22.0,52.0,1.38,Inflorescence_Button,33.980000000000004,27.256666666666664,88.82333333333334,0,0,0,2
20241026,3.44,28.43,21.21,88.77,0.99,10.6583,77.0094,Coconut,22.0,52.0,1.38,Inflorescence_Button,21.870000000000008,27.05,89.13,0,0,0,1
20241027,0.45,28.17,20.65,88.89,1.03,10.6583,77.0094,Coconut,22.0,52.0,1.38,Nut_Maturity,14.940000000000008,28.406666666666666,88.48333333333335,0,0,0,1
20241028,2.49,27.71,20.65,87.99,1.0,10.6583,77.0094,Coconut,22.0,52.0,1.38,Inflorescence_Button,6.380000000000008,28.103333333333335,88.55,0,0,0,1
20241029,0.85,28.53,20.65,86.64,0.84,10.6583,77.0094,Coconut,22.0,52.0,1.38,Vegetative_Young,3.7900000000000076,28.13666666666667,87.83999999999999,0,0,0,1
20241030,0.11,28.92,20.74,88.1,0.81,10.6583,77.0094,Coconut,22.0,52.0,1.38,Inflorescence_Button,3.4500000000000073,28.38666666666667,87.57666666666667,0,0,0,1
20241031,7.14,29.75,21.44,85.23,0.55,10.6583,77.0094,Coconut,22.0,52.0,1.38,Nut_Maturity,8.100000000000007,29.066666666666666,86.65666666666665,0,0,0,1
20241101,13.12,27.94,22.17,89.4,0.55,10.6583,77.0094,Coconut,22.0,52.0,1.38,Nut_Maturity,20.370000000000005,28.87,87.57666666666667,0,0,0,1
20241102,16.98,26.48,22.25,91.64,0.9,10.6583,77.0094,Coconut,22.0,52.0,1.38,Vegetative_Young,37.24000000000001,28.05666666666667,88.75666666666666,0,0,0,2
20241103,7.92,27.58,21.38,89.15,0.91,10.6583,77.0094,Coconut,22.0,52.0,1.38,Vegetative_Young,38.02000000000001,27.333333333333332,90.06333333333333,0,0,0,2
20241104,13.06,28.12,21.25,87.48,0.93,10.6583,77.0094,Coconut,22.0,52.0,1.38,Nut_Maturity,37.96000000000001,27.393333333333334,89.42333333333335,0,0,0,2
20241105,5.83,27.44,19.98,86.38,0.97,10.6583,77.0094,Coconut,22.0,52.0,1.38,Inflorescence_Button,26.81000000000001,27.713333333333335,87.67,0,0,0,2
20241106,0.06,28.5,20.21,82.53,0.66,10.6583,77.0094,Coconut,22.0,52.0,1.38,Nut_Maturity,18.950000000000006,28.02,85.46333333333332,0,0,0,1
20241107,4.34,27.39,20.88,87.79,0.66,10.6583,77.0094,Coconut,22.0,52.0,1.38,Vegetative_Young,10.230000000000008,27.776666666666667,85.56666666666666,0,0,0,1
20241108,4.61,28.33,21.4,87.68,1.1,10.6583,77.0094,Coconut,22.0,52.0,1.38,Inflorescence_Button,9.010000000000007,28.073333333333334,86.0,0,0,0,1
20241109,2.26,27.55,21.02,86.08,1.34,10.6583,77.0094,Coconut,22.0,52.0,1.38,Nut_Maturity,11.210000000000006,27.75666666666667,87.18333333333334,0,0,0,1
20241110,0.0,27.34,18.97,82.88,1.22,10.6583,77.0094,Coconut,22.0,52.0,1.38,Vegetative_Young,6.870000000000007,27.74,85.54666666666667,0,0,0,1
20241111,0.03,27.76,18.56,79.23,1.01,10.6583,77.0094,Coconut,22.0,52.0,1.38,Nut_Maturity,2.2900000000000067,27.55,82.73,0,0,0,1
20241112,0.29,28.19,20.48,79.96,0.44,10.6583,77.0094,Coconut,22.0,52.0,1.38,Nut_Maturity,0.32000000000000706,27.763333333333335,80.69,0,0,0,0
20241113,0.78,27.14,20.32,90.46,1.13,10.6583,77.0094,Coconut,22.0,52.0,1.38,Nut_Maturity,1.1000000000000072,27.69666666666667,83.21666666666667,0,0,0,1
20241114,10.66,25.79,21.54,92.96,1.31,10.6583,77.0094,Coconut,22.0,52.0,1.38,Inflorescence_Button,11.730000000000008,27.040000000000003,87.79333333333334,0,0,0,1
20241115,7.3,26.97,21.15,90.72,1.29,10.6583,77.0094,Coconut,22.0,52.0,1.38,Nut_Maturity,18.74000000000001,26.633333333333336,91.38,0,0,0,1
20241116,9.59,27.45,20.55,90.24,1.32,10.6583,77.0094,Coconut,22.0,52.0,1.38,Vegetative_Young,27.550000000000008,26.736666666666668,91.30666666666666,0,0,0,2
20241117,7.79,27.42,21.14,90.01,1.45,10.6583,77.0094,Coconut,22.0,52.0,1.38,Inflorescence_Button,24.680000000000007,27.28,90.32333333333334,0,0,0,1
20241118,1.82,27.24,19.9,89.08,1.77,10.6583,77.0094,Coconut,22.0,52.0,1.38,Nut_Maturity,19.200000000000006,27.37,89.77666666666666,0,0,0,1
20241119,1.42,27.22,20.43,87.35,1.59,10.6583,77.0094,Coconut,22.0,52.0,1.38,Nut_Maturity,11.030000000000006,27.293333333333333,88.81333333333333,0,0,0,1
20241120,0.39,26.57,19.49,88.31,1.43,10.6583,77.0094,Coconut,22.0,52.0,1.38,Nut_Maturity,3.630000000000007,27.01,88.24666666666667,0,0,0,1
20241121,0.79,27.24,19.18,87.6,1.23,10.6583,77.0094,Coconut,22.0,52.0,1.38,Nut_Maturity,2.600000000000007,27.01,87.75333333333333,0,0,0,1
20241122,0.02,27.91,19.23,86.84,1.04,10.6583,77.0094,Coconut,22.0,52.0,1.38,Inflorescence_Button,1.200000000000007,27.24,87.58333333333333,0,0,0,1
20241123,0.0,27.35,19.01,86.29,1.07,10.6583,77.0094,Coconut,22.0,52.0,1.38,Vegetative_Young,0.8100000000000072,27.5,86.91000000000001,0,0,0,1
20241124,0.0,27.57,19.77,86.09,1.32,10.6583,77.0094,Coconut,22.0,52.0,1.38,Inflorescence_Button,0.020000000000007106,27.61,86.40666666666668,0,0,0,1
20241125,0.05,26.04,19.31,87.08,1.12,10.6583,77.0094,Coconut,22.0,52.0,1.38,Nut_Maturity,0.05000000000000711,26.986666666666668,86.48666666666668,0,0,0,1
20241126,6.38,25.09,19.04,90.64,0.82,10.6583,77.0094,Coconut,22.0,52.0,1.38,Inflorescence_Button,6.430000000000007,26.23333333333333,87.93666666666667,0,0,0,1
20241127,2.84,25.24,19.65,91.26,0.83,10.6583,77.0094,Coconut,22.0,52.0,1.38,Inflorescence_Button,9.270000000000007,25.456666666666667,89.66000000000001,0,0,0,1
20241128,0.49,27.65,20.33,79.82,0.66,10.6583,77.0094,Coconut,22.0,52.0,1.38,Nut_Maturity,9.710000000000006,25.99333333333333,87.24000000000001,0,0,0,1
20241129,3.51,26.27,20.31,87.12,0.85,10.6583,77.0094,Coconut,22.0,52.0,1.38,Inflorescence_Button,6.840000000000007,26.386666666666667,86.06666666666668,0,0,0,1
20241130,2.42,27.38,20.83,91.6,0.98,10.6583,77.0094,Coconut,22.0,52.0,1.38,Inflorescence_Button,6.420000000000007,27.099999999999998,86.17999999999999,0,0,0,1
20241201,16.07,27.08,22.49,92.59,1.57,10.6583,77.0094,Coconut,22.0,52.0,1.38,Inflorescence_Button,22.000000000000007,26.909999999999997,90.43666666666667,0,0,0,1
20241202,28.12,25.32,22.98,96.38,1.85,10.6583,77.0094,Coconut,22.0,52.0,1.38,Vegetative_Young,46.610000000000014,26.593333333333334,93.52333333333333,1,0,0,2
20241203,7.97,26.59,22.07,92.16,1.33,10.6583,77.0094,Coconut,22.0,52.0,1.38,Vegetative_Young,52.16000000000001,26.330000000000002,93.71,1,0,0,2
20241204,1.31,27.89,21.04,85.6,0.99,10.6583,77.0094,Coconut,22.0,52.0,1.38,Nut_Maturity,37.400000000000006,26.600000000000005,91.38,0,0,0,2
20241205,1.6,27.98,19.49,88.28,0.97,10.6583,77.0094,Coconut,22.0,52.0,1.38,Nut_Maturity,10.880000000000006,27.486666666666665,88.67999999999999,0,0,0,1
20241206,0.19,28.28,19.61,87.55,1.08,10.6583,77.0094,Coconut,22.0,52.0,1.38,Nut_Maturity,3.100000000000007,28.05,87.14333333333333,0,0,0,1
20241207,0.71,28.27,19.24,87.45,0.96,10.6583,77.0094,Coconut,22.0,52.0,1.38,Nut_Maturity,2.500000000000007,28.176666666666666,87.75999999999999,0,0,0,1
20241208,0.22,28.15,19.41,86.51,0.92,10.6583,77.0094,Coconut,22.0,52.0,1.38,Nut_Maturity,1.120000000000007,28.23333333333333,87.17,0,0,0,1
20241209,0.07,28.18,18.48,85.54,0.91,10.6583,77.0094,Coconut,22.0,52.0,1.38,Nut_Maturity,1.000000000000007,28.2,86.5,0,0,0,1
20241210,0.03,27.52,18.46,85.44,0.99,10.6583,77.0094,Coconut,22.0,52.0,1.38,Nut_Maturity,0.3200000000000071,27.95,85.83,0,0,0,1
20241211,2.03,26.76,19.44,87.26,1.23,10.6583,77.0094,Coconut,22.0,52.0,1.38,Vegetative_Young,2.130000000000007,27.486666666666668,86.08,0,0,0,1
20241212,23.14,25.49,20.25,92.31,1.49,10.6583,77.0094,Coconut,22.0,52.0,1.38,Nut_Maturity,25.200000000000006,26.59,88.33666666666666,0,0,0,2
20241213,31.94,24.7,20.84,94.36,2.2,10.6583,77.0094,Coconut,22.0,52.0,1.38,Vegetative_Young,57.11000000000001,25.650000000000002,91.31,1,0,0,2
20241214,6.79,25.91,19.99,88.98,1.99,10.6583,77.0094,Coconut,22.0,52.0,1.38,Nut_Maturity,61.870000000000005,25.366666666666664,91.88333333333334,1,0,0,2
20241215,1.37,25.6,17.71,86.27,1.56,10.6583,77.0094,Coconut,22.0,52.0,1.38,Nut_Maturity,40.10000000000001,25.403333333333336,89.87,0,0,0,2
20241216,0.0,25.41,17.05,87.24,1.23,10.6583,77.0094,Coconut,22.0,52.0,1.38,Nut_Maturity,8.160000000000007,25.64,87.49666666666667,0,0,0,1
20241217,0.0,27.69,17.33,80.77,0.63,10.6583,77.0094,Coconut,22.0,52.0,1.38,Nut_Maturity,1.3700000000000072,26.233333333333334,84.75999999999999,0,0,0,1
20241218,0.0,28.45,19.35,82.29,0.62,10.6583,77.0094,Coconut,22.0,52.0,1.38,Vegetative_Young,0.0,27.183333333333334,83.43333333333334,0,0,0,1
20241219,0.0,28.08,19.69,86.08,0.58,10.6583,77.0094,Coconut,22.0,52.0,1.38,Vegetative_Young,0.0,28.073333333333334,83.04666666666667,0,0,0,1
20241220,0.0,28.7,19.97,85.94,0.75,10.6583,77.0094,Coconut,22.0,52.0,1.38,Vegetative_Young,0.0,28.41,84.77,0,0,0,1
20241221,0.39,28.54,20.92,89.42,0.9,10.6583,77.0094,Coconut,22.0,52.0,1.38,Nut_Maturity,0.3900000000000071,28.439999999999998,87.14666666666666,0,0,0,1
20241222,0.2,28.72,20.59,85.78,0.64,10.6583,77.0094,Coconut,22.0,52.0,1.38,Vegetative_Young,0.5900000000000072,28.653333333333332,87.04666666666667,0,0,0,1
20241223,0.19,27.68,20.47,85.8,0.63,10.6583,77.0094,Coconut,22.0,52.0,1.38,Inflorescence_Button,0.7800000000000071,28.313333333333333,87.0,0,0,0,1
20241224,0.0,27.38,19.31,85.14,0.56,10.6583,77.0094,Coconut,22.0,52.0,1.38,Inflorescence_Button,0.3900000000000071,27.926666666666666,85.57333333333332,0,0,0,1
20241225,0.0,27.92,19.34,83.49,0.5,10.6583,77.0094,Coconut,22.0,52.0,1.38,Vegetative_Young,0.1900000000000071,27.66,84.81,0,0,0,1
20241226,0.91,28.34,20.08,85.63,0.49,10.6583,77.0094,Coconut,22.0,52.0,1.38,Nut_Maturity,0.9100000000000071,27.88,84.75333333333333,0,0,0,1
20241227,2.72,27.86,20.63,86.6,1.61,10.6583,77.0094,Coconut,22.0,52.0,1.38,Nut_Maturity,3.6300000000000074,28.040000000000003,85.24,0,0,0,1
20241228,0.23,27.15,19.92,84.91,1.75,10.6583,77.0094,Coconut,22.0,52.0,1.38,Inflorescence_Button,3.8600000000000074,27.78333333333333,85.71333333333332,0,0,0,1
20241229,0.16,27.22,18.13,84.85,1.39,10.6583,77.0094,Coconut,22.0,52.0,1.38,Inflorescence_Button,3.1100000000000074,27.409999999999997,85.45333333333333,0,0,0,1
20241230,1.35,27.39,18.93,88.41,1.7,10.6583,77.0094,Coconut,22.0,52.0,1.38,Inflorescence_Button,1.7400000000000073,27.25333333333333,86.05666666666666,0,0,0,1
20241231,0.15,27.21,19.66,86.58,2.25,10.6583,77.0094,Coconut,22.0,52.0,1.38,Inflorescence_Button,1.6600000000000072,27.273333333333337,86.61333333333333,0,0,0,1
